Empresa,Saida,NF,Descricao_produto,Linha,Origem_NF,Data_Emissao,Data_Cancelamento,Data_expedicao,Qtd_Parcela,Qtd_Prazo_Medio,Valor_Total_Nota,Qtd_Itens,Qtd_Volumes,Data_Saida,Qtd_Produto,Preco_Unitario,Valor_Total_Item,Custo_Item,Preco_Un_Pdv,Valor_Custo_Compra,Preco_Tabela,Cliente,Vendedor,Mes,Ano,Dia,Dia da Semana,Total_Custo_Compra,Total_Lucro_Venda_Item,situacao
GO MED HOSPITALAR,V,5695,DETERGENTE ENZIMATICO (PRATICZYME)4 ENZIMAS 5LT GL,SANEANTES,AL,01/09/2025,,02/09/2025,1,30,856.6,5,4,02/09/2025,2,65.0,130.0,46.5,65.0,46.5,69.32,EQUIPOS MEDICOS COMERCIO E REPRESENTACOES LTDA,CESAR GAMA,9,2025,1,Segunda-feira,93.01,36.99,Faturada
GO MED HOSPITALAR,V,5695,TIAMINA 100MG/ML AMP 1ML (HIPOVIT B) CX C/50,MEDICAMENTOS,AL,01/09/2025,,02/09/2025,1,30,856.6,5,4,02/09/2025,100,6.3,630.0,5.94,6.3,5.94,7.14,EQUIPOS MEDICOS COMERCIO E REPRESENTACOES LTDA,CESAR GAMA,9,2025,1,Segunda-feira,593.75,36.25,Faturada
GO MED HOSPITALAR,V,5695,AGUA OXIGENADA 10 VOL 100ML UN,SANEANTES,AL,01/09/2025,,02/09/2025,1,30,856.6,5,4,02/09/2025,10,1.9,19.0,1.55,1.9,1.55,2.21,EQUIPOS MEDICOS COMERCIO E REPRESENTACOES LTDA,CESAR GAMA,9,2025,1,Segunda-feira,15.5,3.5,Faturada
GO MED HOSPITALAR,V,5695,SONDA FOLEY 2 VIAS N.14 30CC UN,MATERIAL HOSPITALAR,AL,01/09/2025,,02/09/2025,1,30,856.6,5,4,02/09/2025,20,2.8,56.0,2.14,2.8,2.14,3.21,EQUIPOS MEDICOS COMERCIO E REPRESENTACOES LTDA,CESAR GAMA,9,2025,1,Segunda-feira,42.82,13.18,Faturada
GO MED HOSPITALAR,V,5695,HIDRALAZINA 25MG CPR (APRESOLINA) CX C/20,MEDICAMENTOS,AL,01/09/2025,,02/09/2025,1,30,856.6,5,4,02/09/2025,2,10.8,21.6,8.64,10.8,8.64,12.35,EQUIPOS MEDICOS COMERCIO E REPRESENTACOES LTDA,CESAR GAMA,9,2025,1,Segunda-feira,17.27,4.33,Faturada
GO MED HOSPITALAR,V,5696,PLACA TERRA AD REM SKINTACT UN,MATERIAL HOSPITALAR,AL,01/09/2025,,,1,33,2290.48,6,12,,100,6.5,650.0,5.4,6.5,5.4,8.61,HOSPITAL SAO RAIMUNDO,DENIS SOUSA,9,2025,1,Segunda-feira,540.26,109.74,Faturada
GO MED HOSPITALAR,V,5696,CLOREXIDINA 2% DEGER (CHLORCLEAR 1LT FR,SANEANTES,AL,01/09/2025,,,1,33,2290.48,6,12,,48,14.44,693.12,10.56,14.44,10.56,17.89,HOSPITAL SAO RAIMUNDO,DENIS SOUSA,9,2025,1,Segunda-feira,507.09,186.03,Faturada
GO MED HOSPITALAR,V,5696,DETERGENTE ENZIMATICO (PRATICZYME)4 ENZIMAS 5LT GL,SANEANTES,AL,01/09/2025,,,1,33,2290.48,6,12,,6,66.0,396.0,46.5,66.0,46.5,69.32,HOSPITAL SAO RAIMUNDO,DENIS SOUSA,9,2025,1,Segunda-feira,279.02,116.98,Faturada
GO MED HOSPITALAR,V,5696,DETERGENTE ENZIMATICO (PRATICZYME)4 ENZIMAS 5LT GL,SANEANTES,AL,01/09/2025,,,1,33,2290.48,6,12,,4,66.0,264.0,46.5,66.0,46.5,69.32,HOSPITAL SAO RAIMUNDO,DENIS SOUSA,9,2025,1,Segunda-feira,186.01,77.99,Faturada
GO MED HOSPITALAR,V,5696,APARELHO DE BARBEAR UN,MATERIAL HOSPITALAR,AL,01/09/2025,,,1,33,2290.48,6,12,,200,0.91,182.0,0.73,0.91,0.73,1.04,HOSPITAL SAO RAIMUNDO,DENIS SOUSA,9,2025,1,Segunda-feira,145.3,36.7,Faturada
GO MED HOSPITALAR,V,5696,"CLOREXIDINA 0,2% AQUOSA 1LT (CHLORDERM) FR",SANEANTES,AL,01/09/2025,,,1,33,2290.48,6,12,,24,4.39,105.36,3.22,4.39,3.22,4.57,HOSPITAL SAO RAIMUNDO,DENIS SOUSA,9,2025,1,Segunda-feira,77.22,28.14,Faturada
GO MED HOSPITALAR,V,5697,PROMETAZINA 25MG/ML AMP 2ML (PROMETAZOL) CX C/100,MEDICAMENTOS,AL,01/09/2025,,01/09/2025,1,63,449.0,1,1,01/09/2025,100,4.49,449.0,3.05,4.49,3.05,4.55,INSTITUTO SAO VICENTE FERRER,FABIAN SILVA,9,2025,1,Segunda-feira,305.0,144.0,Faturada
GO MED HOSPITALAR,V,5698,EXTENSOR CATETER INFUSAO LUER LOCK 20CM UN,MATERIAL HOSPITALAR,A,01/09/2025,,02/09/2025,1,35,928.48,4,1,02/09/2025,300,1.73,519.0,1.39,1.73,1.39,1.98,VIDEOSCOPIA DO CEARA LTDA,JOECIA,9,2025,1,Segunda-feira,415.77,103.23,Faturada
GO MED HOSPITALAR,V,5698,"FLUMAZENIL 0,1MG/5ML AMP (LENAZEN) CX C/5",MEDICAMENTOS,A,01/09/2025,,02/09/2025,1,35,928.48,4,1,02/09/2025,50,6.5,325.0,5.2,6.5,5.2,7.43,VIDEOSCOPIA DO CEARA LTDA,JOECIA,9,2025,1,Segunda-feira,260.0,65.0,Faturada
GO MED HOSPITALAR,V,5698,ALCOOL 70% SWAB SACHE C/100 - STERILANCE UN,MATERIAL HOSPITALAR,A,01/09/2025,,02/09/2025,1,35,928.48,4,1,02/09/2025,7,5.64,39.48,4.5,5.64,4.5,6.45,VIDEOSCOPIA DO CEARA LTDA,JOECIA,9,2025,1,Segunda-feira,31.52,7.96,Faturada
GO MED HOSPITALAR,V,5698,"AGULHA DESC. 40 X 1,20MM UN",MATERIAL HOSPITALAR,A,01/09/2025,,02/09/2025,1,35,928.48,4,1,02/09/2025,500,0.09,45.0,0.07,0.09,0.07,0.1,VIDEOSCOPIA DO CEARA LTDA,JOECIA,9,2025,1,Segunda-feira,35.35,9.65,Faturada
GO MED HOSPITALAR,V,5699,ALGODAO HIDROFILO 500G UN,MATERIAL HOSPITALAR,AL,01/09/2025,,01/09/2025,1,65,4067.03,10,9,01/09/2025,5,18.9,94.5,9.6,18.9,9.6,14.54,INSTITUTO SAO VICENTE FERRER,FABIAN SILVA,9,2025,1,Segunda-feira,48.0,46.5,Faturada
GO MED HOSPITALAR,V,5699,LUVA DE PROCEDIMENTO.(M) C/100 CX,MATERIAL HOSPITALAR,AL,01/09/2025,,01/09/2025,1,65,4067.03,10,9,01/09/2025,25,32.18,804.5,17.27,32.18,17.27,25.75,INSTITUTO SAO VICENTE FERRER,FABIAN SILVA,9,2025,1,Segunda-feira,431.88,372.62,Faturada
GO MED HOSPITALAR,V,5699,LUVA DE PROCEDIMENTO.(P) C/100 CX,MATERIAL HOSPITALAR,AL,01/09/2025,,01/09/2025,1,65,4067.03,10,9,01/09/2025,20,32.18,643.6,17.27,32.18,17.27,25.75,INSTITUTO SAO VICENTE FERRER,FABIAN SILVA,9,2025,1,Segunda-feira,345.5,298.1,Faturada
GO MED HOSPITALAR,V,5699,ALCOOL 70% 1LT (ANTISSEPTICO) UN,SANEANTES,AL,01/09/2025,,01/09/2025,1,65,4067.03,10,9,01/09/2025,13,8.9,115.7,4.62,8.9,4.62,6.39,INSTITUTO SAO VICENTE FERRER,FABIAN SILVA,9,2025,1,Segunda-feira,60.0,55.7,Faturada
GO MED HOSPITALAR,V,5699,TOUCA DESC. C/ELASTICO PC C/100,MATERIAL HOSPITALAR,AL,01/09/2025,,01/09/2025,1,65,4067.03,10,9,01/09/2025,5,11.9,59.5,7.7,11.9,7.7,11.48,INSTITUTO SAO VICENTE FERRER,FABIAN SILVA,9,2025,1,Segunda-feira,38.5,21.0,Faturada
GO MED HOSPITALAR,V,5699,"SOL. CLORETO SODIO 0,9% 500ML FR",NUTRIÇÃO CLINICA,AL,01/09/2025,,01/09/2025,1,65,4067.03,10,9,01/09/2025,26,7.6,197.6,4.46,7.6,4.46,6.11,INSTITUTO SAO VICENTE FERRER,FABIAN SILVA,9,2025,1,Segunda-feira,116.06,81.54,Faturada
GO MED HOSPITALAR,V,5699,SERINGA DESC. 10ML S/AG LUER LOCK UN,MATERIAL HOSPITALAR,AL,01/09/2025,,01/09/2025,1,65,4067.03,10,9,01/09/2025,30,0.38,11.4,0.2,0.38,0.2,0.29,INSTITUTO SAO VICENTE FERRER,FABIAN SILVA,9,2025,1,Segunda-feira,6.12,5.28,Faturada
GO MED HOSPITALAR,V,5699,"CLOREXIDINA 0,12% SOL.BUCAL 1000ML (CHLORDENT) FR",SANEANTES,AL,01/09/2025,,01/09/2025,1,65,4067.03,10,9,01/09/2025,6,30.0,180.0,17.25,30.0,17.08,24.0,INSTITUTO SAO VICENTE FERRER,FABIAN SILVA,9,2025,1,Segunda-feira,103.48,76.52,Faturada
GO MED HOSPITALAR,V,5699,LUVA NITRILICA S/PO AZUL P CX 100 CX,MATERIAL HOSPITALAR,AL,01/09/2025,,01/09/2025,1,65,4067.03,10,9,01/09/2025,26,29.9,777.4,18.08,29.9,18.08,27.15,INSTITUTO SAO VICENTE FERRER,FABIAN SILVA,9,2025,1,Segunda-feira,470.05,307.35,Faturada
GO MED HOSPITALAR,V,5699,"COMPRESSA DE GAZE 7,5CMX7,5CM 11 FIOS C/10 ENV",MATERIAL HOSPITALAR,AL,01/09/2025,,01/09/2025,1,65,4067.03,10,9,01/09/2025,1200,0.98,1176.0,0.51,0.98,0.51,0.75,INSTITUTO SAO VICENTE FERRER,FABIAN SILVA,9,2025,1,Segunda-feira,616.2,559.8,Faturada
GO MED HOSPITALAR,V,5701,EQUIPO MACROGOTAS AR CAM.F FILT-REG-INJ-LUER SLIP UN,MATERIAL HOSPITALAR,AL,01/09/2025,,01/09/2025,1,30,2420.0,2,6,01/09/2025,2000,0.86,1720.0,0.7,0.86,0.7,1.0,HOSPMEDICA DISTRIBUIDORA DE MEDICAMENTOS LTDA,CESAR GAMA,9,2025,1,Segunda-feira,1404.8,315.2,Faturada
GO MED HOSPITALAR,V,5701,CATETER INTRAVENOSO 22G. UN,MATERIAL HOSPITALAR,AL,01/09/2025,,01/09/2025,1,30,2420.0,2,6,01/09/2025,1000,0.7,700.0,0.58,0.7,0.58,0.86,HOSPMEDICA DISTRIBUIDORA DE MEDICAMENTOS LTDA,CESAR GAMA,9,2025,1,Segunda-feira,579.8,120.2,Faturada
GO MED HOSPITALAR,V,5702,ACIDO GRAXOS 200ML OLEO CICATRIZ/GIRASSOL (DERMAEX) FR,MEDICAMENTOS,AL,01/09/2025,,02/09/2025,1,30,2230.82,4,14,02/09/2025,210,5.25,1102.5,4.3,5.25,4.3,6.14,HOME CARE NORDESTE LTDA,CESAR GAMA,9,2025,1,Segunda-feira,903.02,199.48,Faturada
GO MED HOSPITALAR,V,5702,ALCOOL 70% 1LT (ANTISSEPTICO) UN,SANEANTES,AL,01/09/2025,,02/09/2025,1,30,2230.82,4,14,02/09/2025,36,6.4,230.4,4.62,6.4,4.62,6.92,HOME CARE NORDESTE LTDA,CESAR GAMA,9,2025,1,Segunda-feira,166.16,64.24,Faturada
GO MED HOSPITALAR,V,5702,FITA MICROPORE 50 X 10 C/CARR UN,MATERIAL HOSPITALAR,AL,01/09/2025,,02/09/2025,1,30,2230.82,4,14,02/09/2025,128,4.14,529.92,3.36,4.14,3.36,4.85,HOME CARE NORDESTE LTDA,CESAR GAMA,9,2025,1,Segunda-feira,430.57,99.35,Faturada
GO MED HOSPITALAR,V,5702,EQUIPO NUTRICAO ENTERAL PONTA ESCALONADO 150CM UN,MATERIAL HOSPITALAR,AL,01/09/2025,,02/09/2025,1,30,2230.82,4,14,02/09/2025,400,0.92,368.0,0.74,0.92,0.74,1.05,HOME CARE NORDESTE LTDA,CESAR GAMA,9,2025,1,Segunda-feira,294.48,73.52,Faturada
GO MED HOSPITALAR,V,5703,ALCOOL 70% 1LT (SANEANTE) LT,SANEANTES,AL,01/09/2025,,,1,30,1159.01,2,10,,50,5.9,295.0,4.02,5.9,4.02,5.74,LABORATORIO SAO LUCAS,CESAR GAMA,9,2025,1,Segunda-feira,200.89,94.11,Faturada
GO MED HOSPITALAR,V,5703,LUVA VINIL C/PO M CX 100 CX,MATERIAL HOSPITALAR,AL,01/09/2025,,,1,30,1159.01,2,10,,48,18.0,864.0,14.49,18.0,14.49,20.69,LABORATORIO SAO LUCAS,CESAR GAMA,9,2025,1,Segunda-feira,695.35,168.65,Faturada
GO MED HOSPITALAR,V,5704,"COMPRESSA DE GAZE 7,5CMX7,5CM 11 FIOS C/10 LIVIA ENV",MATERIAL HOSPITALAR,AL,01/09/2025,,,1,30,1879.3,4,7,,30,0.47,14.1,0.38,0.47,0.38,0.54,PRONTORIM LTDA,CESAR GAMA,9,2025,1,Segunda-feira,11.42,2.68,Faturada
GO MED HOSPITALAR,V,5704,"COMPRESSA DE GAZE 7,5CMX7,5CM 09 FIOS C/500 REBECCA PC",MATERIAL HOSPITALAR,AL,01/09/2025,,,1,30,1879.3,4,7,,100,16.6,1660.0,13.47,16.6,13.47,18.99,PRONTORIM LTDA,CESAR GAMA,9,2025,1,Segunda-feira,1346.97,313.03,Faturada
GO MED HOSPITALAR,V,5704,"CLOREXIDINA 0,5% ACOOLICA 100ML (CHLORCLEAR) AZUL FR",SANEANTES,AL,01/09/2025,,,1,30,1879.3,4,7,,70,1.56,109.2,1.32,1.56,1.32,1.79,PRONTORIM LTDA,CESAR GAMA,9,2025,1,Segunda-feira,92.46,16.74,Faturada
GO MED HOSPITALAR,V,5704,SOL. GLICOSE 50% 10ML AMP,NUTRIÇÃO CLINICA,AL,01/09/2025,,,1,30,1879.3,4,7,,200,0.48,96.0,0.39,0.48,0.39,0.51,PRONTORIM LTDA,CESAR GAMA,9,2025,1,Segunda-feira,77.48,18.52,Faturada
GO MED HOSPITALAR,V,5705,PLACA TERRA AD REM SKINTACT UN,MATERIAL HOSPITALAR,AL,01/09/2025,,02/09/2025,1,34,2084.68,8,15,02/09/2025,200,6.5,1300.0,5.4,6.5,5.4,8.61,INSTITUTO DO CANCER DO CEARA (MATRIZ),DENIS SOUSA,9,2025,1,Segunda-feira,1080.52,219.48,Faturada
GO MED HOSPITALAR,V,5705,SONDA FOLEY 2 VIAS N.22 30CC UN,MATERIAL HOSPITALAR,AL,01/09/2025,,02/09/2025,1,34,2084.68,8,15,02/09/2025,10,2.2,22.0,1.76,2.2,1.76,2.51,INSTITUTO DO CANCER DO CEARA (MATRIZ),DENIS SOUSA,9,2025,1,Segunda-feira,17.6,4.4,Faturada
GO MED HOSPITALAR,V,5705,SONDA FOLEY 2 VIAS N.20 30CC UN,MATERIAL HOSPITALAR,AL,01/09/2025,,02/09/2025,1,34,2084.68,8,15,02/09/2025,10,2.5,25.0,2.0,2.5,2.0,2.86,INSTITUTO DO CANCER DO CEARA (MATRIZ),DENIS SOUSA,9,2025,1,Segunda-feira,20.0,5.0,Faturada
GO MED HOSPITALAR,V,5705,ALCOOL 70% 1LT (SANEANTE) LT,SANEANTES,AL,01/09/2025,,02/09/2025,1,34,2084.68,8,15,02/09/2025,28,5.35,149.8,4.02,5.35,4.02,5.74,INSTITUTO DO CANCER DO CEARA (MATRIZ),DENIS SOUSA,9,2025,1,Segunda-feira,112.5,37.3,Faturada
GO MED HOSPITALAR,V,5705,ALCOOL 70% 1LT (SANEANTE) LT,SANEANTES,AL,01/09/2025,,02/09/2025,1,34,2084.68,8,15,02/09/2025,56,5.35,299.6,4.02,5.35,4.02,5.74,INSTITUTO DO CANCER DO CEARA (MATRIZ),DENIS SOUSA,9,2025,1,Segunda-feira,225.0,74.6,Faturada
GO MED HOSPITALAR,V,5705,"CLOREXIDINA 0,5% ACOOLICA 100ML (CHLORCLEAR) AZUL FR",SANEANTES,AL,01/09/2025,,02/09/2025,1,34,2084.68,8,15,02/09/2025,54,1.64,88.56,1.32,1.64,1.32,1.79,INSTITUTO DO CANCER DO CEARA (MATRIZ),DENIS SOUSA,9,2025,1,Segunda-feira,71.33,17.23,Faturada
GO MED HOSPITALAR,V,5705,SONDA FOLEY 2 VIAS N.14 30CC UN,MATERIAL HOSPITALAR,AL,01/09/2025,,02/09/2025,1,34,2084.68,8,15,02/09/2025,20,2.69,53.8,2.14,2.69,2.14,3.21,INSTITUTO DO CANCER DO CEARA (MATRIZ),DENIS SOUSA,9,2025,1,Segunda-feira,42.82,10.98,Faturada
GO MED HOSPITALAR,V,5705,"CLOREXIDINA 0,2% 100ML (CHLORDERM) FR",SANEANTES,AL,01/09/2025,,02/09/2025,1,34,2084.68,8,15,02/09/2025,96,1.52,145.92,1.25,1.52,1.25,1.82,INSTITUTO DO CANCER DO CEARA (MATRIZ),DENIS SOUSA,9,2025,1,Segunda-feira,120.16,25.76,Faturada
GO MED HOSPITALAR,V,5706,EQUIPO MACROGOTAS AR CAM.F FILT-REG-INJ-LUER SLIP UN,MATERIAL HOSPITALAR,AL,01/09/2025,,01/09/2025,1,64,13070.45,39,27,01/09/2025,500,1.15,575.0,0.7,1.15,0.7,1.0,INSTITUTO SAO VICENTE FERRER,FABIAN SILVA,9,2025,1,Segunda-feira,351.2,223.8,Faturada
GO MED HOSPITALAR,V,5706,"ESPARADRAPO 10CM X 4,5M UN",MATERIAL HOSPITALAR,AL,01/09/2025,,01/09/2025,1,64,13070.45,39,27,01/09/2025,30,9.3,279.0,6.71,9.3,6.71,10.0,INSTITUTO SAO VICENTE FERRER,FABIAN SILVA,9,2025,1,Segunda-feira,201.18,77.82,Faturada
GO MED HOSPITALAR,V,5706,ONDANSETRONA 2MG/ML AMP 4ML (GEN) CX C/100,MEDICAMENTOS,AL,01/09/2025,,01/09/2025,1,64,13070.45,39,27,01/09/2025,200,1.69,338.0,1.14,1.69,1.14,1.64,INSTITUTO SAO VICENTE FERRER,FABIAN SILVA,9,2025,1,Segunda-feira,227.34,110.66,Faturada
GO MED HOSPITALAR,V,5706,ACIDO TRANEXAMICO 250MG/ML AMP 5ML (GEN) CX C/100,MEDICAMENTOS,AL,01/09/2025,,01/09/2025,1,64,13070.45,39,27,01/09/2025,100,4.9,490.0,3.81,4.9,3.81,5.45,INSTITUTO SAO VICENTE FERRER,FABIAN SILVA,9,2025,1,Segunda-feira,380.67,109.33,Faturada
GO MED HOSPITALAR,V,5706,BENZILPENICILINA 600.000UI INJ FA (BEPEBEN) CX C/50,MEDICAMENTOS,AL,01/09/2025,,01/09/2025,1,64,13070.45,39,27,01/09/2025,50,9.9,495.0,6.89,9.9,6.89,9.84,INSTITUTO SAO VICENTE FERRER,FABIAN SILVA,9,2025,1,Segunda-feira,344.5,150.5,Faturada
GO MED HOSPITALAR,V,5706,HIDRALAZINA 20MG/1ML AMP (NEPRESOL) CX C/50,MEDICAMENTOS,AL,01/09/2025,,01/09/2025,1,64,13070.45,39,27,01/09/2025,50,8.2,410.0,6.02,8.2,6.02,8.56,INSTITUTO SAO VICENTE FERRER,FABIAN SILVA,9,2025,1,Segunda-feira,300.8,109.2,Faturada
GO MED HOSPITALAR,V,5706,CLOREXIDINA 2% DEGER (CHLORCLEAR 1LT FR,SANEANTES,AL,01/09/2025,,01/09/2025,1,64,13070.45,39,27,01/09/2025,5,15.9,79.5,10.56,15.9,10.56,15.08,INSTITUTO SAO VICENTE FERRER,FABIAN SILVA,9,2025,1,Segunda-feira,52.82,26.68,Faturada
GO MED HOSPITALAR,V,5706,INFUSOR 2 VIAS C/CLAMP UN,MATERIAL HOSPITALAR,AL,01/09/2025,,01/09/2025,1,64,13070.45,39,27,01/09/2025,100,0.96,96.0,0.69,0.96,0.69,0.99,INSTITUTO SAO VICENTE FERRER,FABIAN SILVA,9,2025,1,Segunda-feira,69.0,27.0,Faturada
GO MED HOSPITALAR,V,5706,"ATADURA CREPOM 10CM X 1,8M 13 FIOS JADE UN",MATERIAL HOSPITALAR,AL,01/09/2025,,01/09/2025,1,64,13070.45,39,27,01/09/2025,150,0.69,103.5,0.4,0.69,0.4,0.6,INSTITUTO SAO VICENTE FERRER,FABIAN SILVA,9,2025,1,Segunda-feira,60.22,43.28,Faturada
GO MED HOSPITALAR,V,5706,LUVA DE PROCEDIMENTO.(P) C/100 CX,MATERIAL HOSPITALAR,AL,01/09/2025,,01/09/2025,1,64,13070.45,39,27,01/09/2025,35,23.0,805.0,17.27,23.0,17.27,25.75,INSTITUTO SAO VICENTE FERRER,FABIAN SILVA,9,2025,1,Segunda-feira,604.62,200.38,Faturada
GO MED HOSPITALAR,V,5706,CIMETIDINA 150MG/ML 2ML AMP (HYCIMET) CX C/100,MEDICAMENTOS,AL,01/09/2025,,01/09/2025,1,64,13070.45,39,27,01/09/2025,1,1.75,1.75,1.35,1.75,1.35,1.79,INSTITUTO SAO VICENTE FERRER,FABIAN SILVA,9,2025,1,Segunda-feira,1.35,0.4,Faturada
GO MED HOSPITALAR,V,5706,CIMETIDINA 150MG/ML 2ML AMP (HYCIMET) CX C/100,MEDICAMENTOS,AL,01/09/2025,,01/09/2025,1,64,13070.45,39,27,01/09/2025,199,1.75,348.25,1.35,1.75,1.35,1.79,INSTITUTO SAO VICENTE FERRER,FABIAN SILVA,9,2025,1,Segunda-feira,269.39,78.86,Faturada
GO MED HOSPITALAR,V,5706,CETAMINA 50MG/10ML (KETAMIN) AMP CX C/25,MEDICAMENTOS,AL,01/09/2025,,01/09/2025,1,64,13070.45,39,27,01/09/2025,25,92.48,2312.0,81.84,92.48,81.84,105.71,INSTITUTO SAO VICENTE FERRER,FABIAN SILVA,9,2025,1,Segunda-feira,2046.01,265.99,Faturada
GO MED HOSPITALAR,V,5706,ALCOOL 70% 1LT (ANTISSEPTICO) UN,SANEANTES,AL,01/09/2025,,01/09/2025,1,64,13070.45,39,27,01/09/2025,30,7.9,237.0,4.62,7.9,4.62,6.39,INSTITUTO SAO VICENTE FERRER,FABIAN SILVA,9,2025,1,Segunda-feira,138.46,98.54,Faturada
GO MED HOSPITALAR,V,5706,SIMETICONA 75MG/ML GTS 10ML LARANJA (GEN) FR,MEDICAMENTOS,AL,01/09/2025,,01/09/2025,1,64,13070.45,39,27,01/09/2025,15,2.6,39.0,2.06,2.6,2.06,2.94,INSTITUTO SAO VICENTE FERRER,FABIAN SILVA,9,2025,1,Segunda-feira,30.88,8.12,Faturada
GO MED HOSPITALAR,V,5706,NIFEDIPINO 20MG CPR (NEO FEDIPINA) CX C/30,MEDICAMENTOS,AL,01/09/2025,,01/09/2025,1,64,13070.45,39,27,01/09/2025,2,9.0,18.0,7.78,9.0,7.78,6.0,INSTITUTO SAO VICENTE FERRER,FABIAN SILVA,9,2025,1,Segunda-feira,15.57,2.43,Faturada
GO MED HOSPITALAR,V,5706,SERINGA DESC. 05ML C/AG 25X07 LUER LOCK UN,MATERIAL HOSPITALAR,AL,01/09/2025,,01/09/2025,1,64,13070.45,39,27,01/09/2025,500,0.37,185.0,0.29,0.37,0.29,0.41,INSTITUTO SAO VICENTE FERRER,FABIAN SILVA,9,2025,1,Segunda-feira,145.2,39.8,Faturada
GO MED HOSPITALAR,V,5706,SERINGA DESC. 20ML C/AG 25X07LUER LOCK UN,MATERIAL HOSPITALAR,AL,01/09/2025,,01/09/2025,1,64,13070.45,39,27,01/09/2025,2000,0.54,1080.0,0.44,0.54,0.44,0.63,INSTITUTO SAO VICENTE FERRER,FABIAN SILVA,9,2025,1,Segunda-feira,878.2,201.8,Faturada
GO MED HOSPITALAR,V,5706,CEFTRIAXONA 1G FA (GEN) CX C/50,MEDICAMENTOS,AL,01/09/2025,,01/09/2025,1,64,13070.45,39,27,01/09/2025,150,6.5,975.0,4.71,6.5,4.71,7.45,INSTITUTO SAO VICENTE FERRER,FABIAN SILVA,9,2025,1,Segunda-feira,707.1,267.9,Faturada
GO MED HOSPITALAR,V,5706,ISOSSORBIDA 10MG CPR (ISORDIL) CX C/30,MEDICAMENTOS,AL,01/09/2025,,01/09/2025,1,64,13070.45,39,27,01/09/2025,3,21.0,63.0,13.41,21.0,13.41,19.16,INSTITUTO SAO VICENTE FERRER,FABIAN SILVA,9,2025,1,Segunda-feira,40.23,22.77,Faturada
GO MED HOSPITALAR,V,5706,"SERINGA DESC. 01ML LS C/AG INS 13X4,5 UN",MATERIAL HOSPITALAR,AL,01/09/2025,,01/09/2025,1,64,13070.45,39,27,01/09/2025,200,0.25,50.0,0.17,0.25,0.17,0.26,INSTITUTO SAO VICENTE FERRER,FABIAN SILVA,9,2025,1,Segunda-feira,34.58,15.42,Faturada
GO MED HOSPITALAR,V,5706,SONDA FOLEY 2 VIAS N.16 30CC UN,MATERIAL HOSPITALAR,AL,01/09/2025,,01/09/2025,1,64,13070.45,39,27,01/09/2025,20,3.0,60.0,2.17,3.0,2.17,3.21,INSTITUTO SAO VICENTE FERRER,FABIAN SILVA,9,2025,1,Segunda-feira,43.42,16.58,Faturada
GO MED HOSPITALAR,V,5706,ESCOVA C/ CLOREXIDINA 2% UN,SANEANTES,AL,01/09/2025,,01/09/2025,1,64,13070.45,39,27,01/09/2025,50,1.8,90.0,1.23,1.8,1.23,1.76,INSTITUTO SAO VICENTE FERRER,FABIAN SILVA,9,2025,1,Segunda-feira,61.5,28.5,Faturada
GO MED HOSPITALAR,V,5706,IODOPOVIDONA SOL AQUOSA FR 100ML FR,SANEANTES,AL,01/09/2025,,01/09/2025,1,64,13070.45,39,27,01/09/2025,3,6.9,20.7,4.9,6.9,4.9,7.0,INSTITUTO SAO VICENTE FERRER,FABIAN SILVA,9,2025,1,Segunda-feira,14.7,6.0,Faturada
GO MED HOSPITALAR,V,5706,FITA P/GLICEMIA ACCU-CHECK ACTIVE CX C/50,MATERIAL HOSPITALAR,AL,01/09/2025,,01/09/2025,1,64,13070.45,39,27,01/09/2025,8,90.0,720.0,68.99,90.0,68.99,105.65,INSTITUTO SAO VICENTE FERRER,FABIAN SILVA,9,2025,1,Segunda-feira,551.93,168.07,Faturada
GO MED HOSPITALAR,V,5706,"IPRATROPIO 0,25MG/ML GTS (GEN) FR",MEDICAMENTOS,AL,01/09/2025,,01/09/2025,1,64,13070.45,39,27,01/09/2025,35,2.97,103.95,2.34,2.97,2.34,3.41,INSTITUTO SAO VICENTE FERRER,FABIAN SILVA,9,2025,1,Segunda-feira,81.79,22.16,Faturada
GO MED HOSPITALAR,V,5706,"FITA MICROPORE 10CM X 4,5M RL",MATERIAL HOSPITALAR,AL,01/09/2025,,01/09/2025,1,64,13070.45,39,27,01/09/2025,30,6.9,207.0,4.23,6.9,4.23,6.2,INSTITUTO SAO VICENTE FERRER,FABIAN SILVA,9,2025,1,Segunda-feira,126.97,80.03,Faturada
GO MED HOSPITALAR,V,5706,GENTAMICINA 40MG/2ML 80MG AMP (GEN) CX C/100,MEDICAMENTOS,AL,01/09/2025,,01/09/2025,1,64,13070.45,39,27,01/09/2025,200,1.18,236.0,0.88,1.18,0.88,1.26,INSTITUTO SAO VICENTE FERRER,FABIAN SILVA,9,2025,1,Segunda-feira,176.0,60.0,Faturada
GO MED HOSPITALAR,V,5706,"AGULHA DESC. 40 X 1,20MM UN",MATERIAL HOSPITALAR,AL,01/09/2025,,01/09/2025,1,64,13070.45,39,27,01/09/2025,600,0.1,60.0,0.07,0.1,0.07,0.1,INSTITUTO SAO VICENTE FERRER,FABIAN SILVA,9,2025,1,Segunda-feira,42.42,17.58,Faturada
GO MED HOSPITALAR,V,5706,ESFIGMOMANOMETRO VELCRO ADULTO C/ ESTETOSCOPIO-PREMIUM CX,MATERIAL HOSPITALAR,AL,01/09/2025,,01/09/2025,1,64,13070.45,39,27,01/09/2025,3,128.0,384.0,92.24,128.0,92.24,134.13,INSTITUTO SAO VICENTE FERRER,FABIAN SILVA,9,2025,1,Segunda-feira,276.72,107.28,Faturada
GO MED HOSPITALAR,V,5706,ELETRODO ECG ADULTO PACOTE C/ 50 UNIDADES UN,MATERIAL HOSPITALAR,AL,01/09/2025,,01/09/2025,1,64,13070.45,39,27,01/09/2025,100,0.36,36.0,0.26,0.36,0.26,0.38,INSTITUTO SAO VICENTE FERRER,FABIAN SILVA,9,2025,1,Segunda-feira,25.54,10.46,Faturada
GO MED HOSPITALAR,V,5706,CAPTOPRIL 25MG CPR (GEN) CX C/30,MEDICAMENTOS,AL,01/09/2025,,01/09/2025,1,64,13070.45,39,27,01/09/2025,9,3.6,32.4,2.37,3.6,2.37,3.5,INSTITUTO SAO VICENTE FERRER,FABIAN SILVA,9,2025,1,Segunda-feira,21.33,11.07,Faturada
GO MED HOSPITALAR,V,5706,BENZILPENICILINA 1.200.000UI INJ FA - C/DIL (BEPEBEN) CX C/1,MEDICAMENTOS,AL,01/09/2025,,01/09/2025,1,64,13070.45,39,27,01/09/2025,100,9.3,930.0,6.26,9.3,6.26,9.29,INSTITUTO SAO VICENTE FERRER,FABIAN SILVA,9,2025,1,Segunda-feira,625.91,304.09,Faturada
GO MED HOSPITALAR,V,5706,MASCARA DESC. TRIPLA C/CLIP PC,MATERIAL HOSPITALAR,AL,01/09/2025,,01/09/2025,1,64,13070.45,39,27,01/09/2025,10,6.9,69.0,5.16,6.9,5.16,7.76,INSTITUTO SAO VICENTE FERRER,FABIAN SILVA,9,2025,1,Segunda-feira,51.6,17.4,Faturada
GO MED HOSPITALAR,V,5706,SERINGA DESC. 10ML C/AG 25X7 LUER SLIP UN,MATERIAL HOSPITALAR,AL,01/09/2025,,01/09/2025,1,64,13070.45,39,27,01/09/2025,1000,0.35,350.0,0.26,0.35,0.26,0.38,INSTITUTO SAO VICENTE FERRER,FABIAN SILVA,9,2025,1,Segunda-feira,263.1,86.9,Faturada
GO MED HOSPITALAR,V,5706,"ACIDO PERACETICO 0,2% (VIC PERACETICO) 5LT UN",SANEANTES,AL,01/09/2025,,01/09/2025,1,64,13070.45,39,27,01/09/2025,2,135.9,271.8,92.28,135.9,92.28,131.83,INSTITUTO SAO VICENTE FERRER,FABIAN SILVA,9,2025,1,Segunda-feira,184.57,87.23,Faturada
GO MED HOSPITALAR,V,5706,SERINGA DESC. 03ML C/AG 30X07 LUER SLIP UN,MATERIAL HOSPITALAR,AL,01/09/2025,,01/09/2025,1,64,13070.45,39,27,01/09/2025,800,0.38,304.0,0.3,0.38,0.3,0.44,INSTITUTO SAO VICENTE FERRER,FABIAN SILVA,9,2025,1,Segunda-feira,238.8,65.2,Faturada
GO MED HOSPITALAR,V,5706,CATETER INTRAVENOSO 22G. UN,MATERIAL HOSPITALAR,AL,01/09/2025,,01/09/2025,1,64,13070.45,39,27,01/09/2025,200,0.85,170.0,0.62,0.85,0.62,0.88,INSTITUTO SAO VICENTE FERRER,FABIAN SILVA,9,2025,1,Segunda-feira,123.2,46.8,Faturada
GO MED HOSPITALAR,V,5706,CLOPIDOGREL 75MG CPR (GEN) CX C/28,MEDICAMENTOS,AL,01/09/2025,,01/09/2025,1,64,13070.45,39,27,01/09/2025,2,22.8,45.6,17.41,22.8,17.41,25.95,INSTITUTO SAO VICENTE FERRER,FABIAN SILVA,9,2025,1,Segunda-feira,34.82,10.78,Faturada
GO MED HOSPITALAR,V,5707,EQUIPO MACROGOTAS AR CAM.F FILT-REG-INJ-LUER SLIP UN,MATERIAL HOSPITALAR,AL,01/09/2025,,01/09/2025,1,30,2069.32,3,6,01/09/2025,1800,0.85,1530.0,0.7,0.85,0.7,1.0,INST PRAXIS PARAIPABA,CESAR GAMA,9,2025,1,Segunda-feira,1264.32,265.68,Faturada
GO MED HOSPITALAR,V,5707,"ATADURA CREPOM 15CM X 1,8M 13 FIOS JADE UN",MATERIAL HOSPITALAR,AL,01/09/2025,,01/09/2025,1,30,2069.32,3,6,01/09/2025,396,0.77,304.92,0.62,0.77,0.62,0.9,INST PRAXIS PARAIPABA,CESAR GAMA,9,2025,1,Segunda-feira,244.13,60.79,Faturada
GO MED HOSPITALAR,V,5707,CATETER CENTRAL DUPLO LUMEN 7FR X 20CM UN,MATERIAL HOSPITALAR,AL,01/09/2025,,01/09/2025,1,30,2069.32,3,6,01/09/2025,5,46.88,234.4,38.27,46.88,38.27,53.57,INST PRAXIS PARAIPABA,CESAR GAMA,9,2025,1,Segunda-feira,191.33,43.07,Faturada
GO MED HOSPITALAR,V,5710,CEFTRIAXONA 1G FA IM/IV (GEN) CX C/50,MEDICAMENTOS,AL,02/09/2025,,02/09/2025,1,59,25666.25,42,7,02/09/2025,200,7.9,1580.0,5.3,7.9,5.3,7.45,INSTITUTO SAO VICENTE FERRER,FABIAN SILVA,9,2025,2,Terça-feira,1060.0,520.0,Faturada
GO MED HOSPITALAR,V,5710,NORADRENALINA/NOREPINEFRINA 8MG/4ML AMP (GEN) CX C/50,MEDICAMENTOS,AL,02/09/2025,,02/09/2025,1,59,25666.25,42,7,02/09/2025,600,1.98,1188.0,0.89,1.98,0.89,1.27,INSTITUTO SAO VICENTE FERRER,FABIAN SILVA,9,2025,2,Terça-feira,536.28,651.72,Faturada
GO MED HOSPITALAR,V,5710,"HEPARINA 5000UI/0,25ML AMP (PARINEX) CX C/50",MEDICAMENTOS,AL,02/09/2025,,02/09/2025,1,59,25666.25,42,7,02/09/2025,81,12.2,988.2,5.8,12.2,5.8,9.69,INSTITUTO SAO VICENTE FERRER,FABIAN SILVA,9,2025,2,Terça-feira,469.68,518.52,Faturada
GO MED HOSPITALAR,V,5710,"HEPARINA 5000UI/0,25ML AMP (PARINEX) CX C/50",MEDICAMENTOS,AL,02/09/2025,,02/09/2025,1,59,25666.25,42,7,02/09/2025,119,12.2,1451.8,5.8,12.2,5.8,9.69,INSTITUTO SAO VICENTE FERRER,FABIAN SILVA,9,2025,2,Terça-feira,690.02,761.78,Faturada
GO MED HOSPITALAR,V,5710,AMIODARONA 50MG/ML 3ML (GEN) AMP CX C/100,MEDICAMENTOS,AL,02/09/2025,,02/09/2025,1,59,25666.25,42,7,02/09/2025,100,5.49,549.0,3.09,5.49,3.09,4.4,INSTITUTO SAO VICENTE FERRER,FABIAN SILVA,9,2025,2,Terça-feira,309.28,239.72,Faturada
GO MED HOSPITALAR,V,5710,MORFINA 10MG/1ML AMP CX C/100,MEDICAMENTOS,AL,02/09/2025,,02/09/2025,1,59,25666.25,42,7,02/09/2025,100,4.36,436.0,2.7,4.36,2.7,3.8,INSTITUTO SAO VICENTE FERRER,FABIAN SILVA,9,2025,2,Terça-feira,270.5,165.5,Faturada
GO MED HOSPITALAR,V,5710,"KOLLAGENASE+CLORANF 0,6+0,01G/G 30G POM BG",MEDICAMENTOS,AL,02/09/2025,,02/09/2025,1,59,25666.25,42,7,02/09/2025,10,27.15,271.5,15.21,27.15,15.21,21.73,INSTITUTO SAO VICENTE FERRER,FABIAN SILVA,9,2025,2,Terça-feira,152.14,119.36,Faturada
GO MED HOSPITALAR,V,5710,FENTANILA 50MCG/10ML AMP CX C/50,MEDICAMENTOS,AL,02/09/2025,,02/09/2025,1,59,25666.25,42,7,02/09/2025,100,6.9,690.0,3.29,6.9,3.29,5.44,INSTITUTO SAO VICENTE FERRER,FABIAN SILVA,9,2025,2,Terça-feira,329.29,360.71,Faturada
GO MED HOSPITALAR,V,5710,FUROSEMIDA 10MG/2ML AMP (GEN) CX C/100,MEDICAMENTOS,AL,02/09/2025,,02/09/2025,1,59,25666.25,42,7,02/09/2025,300,1.3,390.0,0.7,1.3,0.7,1.04,INSTITUTO SAO VICENTE FERRER,FABIAN SILVA,9,2025,2,Terça-feira,210.0,180.0,Faturada
GO MED HOSPITALAR,V,5710,FUROSEMIDA 40MG CPR (DIUREMIDA) BL C/20,MEDICAMENTOS,AL,02/09/2025,,02/09/2025,1,59,25666.25,42,7,02/09/2025,60,0.16,9.6,0.06,0.16,0.06,0.08,INSTITUTO SAO VICENTE FERRER,FABIAN SILVA,9,2025,2,Terça-feira,3.54,6.06,Faturada
GO MED HOSPITALAR,V,5710,MIDAZOLAM 5MG/ML 10ML AMP CX C/100,MEDICAMENTOS,AL,02/09/2025,,02/09/2025,1,59,25666.25,42,7,02/09/2025,200,6.6,1320.0,3.36,6.6,3.36,4.99,INSTITUTO SAO VICENTE FERRER,FABIAN SILVA,9,2025,2,Terça-feira,671.0,649.0,Faturada
GO MED HOSPITALAR,V,5710,VASOPRESSINA 20 U/ML AMP 1ML (ENCRISE) CX C/10,MEDICAMENTOS,AL,02/09/2025,,02/09/2025,1,59,25666.25,42,7,02/09/2025,10,63.0,630.0,29.42,63.0,29.42,58.66,INSTITUTO SAO VICENTE FERRER,FABIAN SILVA,9,2025,2,Terça-feira,294.25,335.75,Faturada
GO MED HOSPITALAR,V,5710,ACIDO TRANEXAMICO 250MG/ML AMP 5ML (GEN) CX C/50,MEDICAMENTOS,AL,02/09/2025,,02/09/2025,1,59,25666.25,42,7,02/09/2025,50,8.15,407.5,4.86,8.15,4.86,7.25,INSTITUTO SAO VICENTE FERRER,FABIAN SILVA,9,2025,2,Terça-feira,243.0,164.5,Faturada
GO MED HOSPITALAR,V,5710,CETAMINA 50MG/10ML (KETAMIN) AMP CX C/25,MEDICAMENTOS,AL,02/09/2025,,02/09/2025,1,59,25666.25,42,7,02/09/2025,25,136.9,3422.5,81.84,136.9,81.84,105.71,INSTITUTO SAO VICENTE FERRER,FABIAN SILVA,9,2025,2,Terça-feira,2046.01,1376.49,Faturada
GO MED HOSPITALAR,V,5710,ACIDO GRAXOS 200ML OLEO CICATRIZ/GIRASSOL (DERMAEX) FR,MEDICAMENTOS,AL,02/09/2025,,02/09/2025,1,59,25666.25,42,7,02/09/2025,8,9.8,78.4,4.3,9.8,4.3,6.14,INSTITUTO SAO VICENTE FERRER,FABIAN SILVA,9,2025,2,Terça-feira,34.4,44.0,Faturada
GO MED HOSPITALAR,V,5710,SOL. GLICERINA 12% 500ML FR,NUTRIÇÃO CLINICA,AL,02/09/2025,,02/09/2025,1,59,25666.25,42,7,02/09/2025,24,12.9,309.6,6.79,12.9,6.79,9.43,INSTITUTO SAO VICENTE FERRER,FABIAN SILVA,9,2025,2,Terça-feira,162.85,146.75,Faturada
GO MED HOSPITALAR,V,5710,CIPROFLOXACINO 2MG/ML 100ML BOL (FRESOFLOX) CX C/80,MEDICAMENTOS,AL,02/09/2025,,02/09/2025,1,59,25666.25,42,7,02/09/2025,180,13.2,2376.0,7.33,13.2,7.33,10.13,INSTITUTO SAO VICENTE FERRER,FABIAN SILVA,9,2025,2,Terça-feira,1319.31,1056.69,Faturada
GO MED HOSPITALAR,V,5710,ADRENALINA/EPINEFRINA 1MG/ML 1ML AMP (ADREN) CX C/100,MEDICAMENTOS,AL,02/09/2025,,02/09/2025,1,59,25666.25,42,7,02/09/2025,100,1.36,136.0,0.76,1.36,0.76,1.12,INSTITUTO SAO VICENTE FERRER,FABIAN SILVA,9,2025,2,Terça-feira,76.22,59.78,Faturada
GO MED HOSPITALAR,V,5710,HALOPERIDOL 5MG/1ML AMP (UNI HALOPER) CX C/50,MEDICAMENTOS,AL,02/09/2025,,02/09/2025,1,59,25666.25,42,7,02/09/2025,50,3.85,192.5,1.68,3.85,1.68,2.4,INSTITUTO SAO VICENTE FERRER,FABIAN SILVA,9,2025,2,Terça-feira,84.0,108.5,Faturada
GO MED HOSPITALAR,V,5710,HIDROCORTISONA 500MG FA (ARISCORTEN) CX C/50,MEDICAMENTOS,AL,02/09/2025,,02/09/2025,1,59,25666.25,42,7,02/09/2025,50,8.3,415.0,5.36,8.3,5.36,7.99,INSTITUTO SAO VICENTE FERRER,FABIAN SILVA,9,2025,2,Terça-feira,268.1,146.9,Faturada
GO MED HOSPITALAR,V,5710,CEFAZOLINA 1G FA (FAZOLON) CX C/20,MEDICAMENTOS,AL,02/09/2025,,02/09/2025,1,59,25666.25,42,7,02/09/2025,100,7.52,752.0,4.22,7.52,4.22,6.03,INSTITUTO SAO VICENTE FERRER,FABIAN SILVA,9,2025,2,Terça-feira,422.0,330.0,Faturada
GO MED HOSPITALAR,V,5710,CEFTRIAXONA 1G FA (GEN) CX C/50,MEDICAMENTOS,AL,02/09/2025,,02/09/2025,1,59,25666.25,42,7,02/09/2025,100,7.9,790.0,5.1,7.9,5.1,7.6,INSTITUTO SAO VICENTE FERRER,FABIAN SILVA,9,2025,2,Terça-feira,510.0,280.0,Faturada
GO MED HOSPITALAR,V,5710,CEFALOTINA 1G FA (GEN) CX C/50,MEDICAMENTOS,AL,02/09/2025,,02/09/2025,1,59,25666.25,42,7,02/09/2025,50,8.75,437.5,4.9,8.75,4.9,7.0,INSTITUTO SAO VICENTE FERRER,FABIAN SILVA,9,2025,2,Terça-feira,245.0,192.5,Faturada
GO MED HOSPITALAR,V,5710,CEFALOTINA 1G FA (GEN) CX C/50,MEDICAMENTOS,AL,02/09/2025,,02/09/2025,1,59,25666.25,42,7,02/09/2025,50,8.75,437.5,4.9,8.75,4.9,7.0,INSTITUTO SAO VICENTE FERRER,FABIAN SILVA,9,2025,2,Terça-feira,245.0,192.5,Faturada
GO MED HOSPITALAR,V,5710,ISOSSORBIDA 10MG CPR (ISORDIL) CX C/30,MEDICAMENTOS,AL,02/09/2025,,02/09/2025,1,59,25666.25,42,7,02/09/2025,1,28.0,28.0,13.41,28.0,13.41,19.16,INSTITUTO SAO VICENTE FERRER,FABIAN SILVA,9,2025,2,Terça-feira,13.41,14.59,Faturada
GO MED HOSPITALAR,V,5710,ESPIRONOLACTONA 25MG CPR (GEN) CX C/30,MEDICAMENTOS,AL,02/09/2025,,02/09/2025,1,59,25666.25,42,7,02/09/2025,1,12.9,12.9,7.74,12.9,7.74,11.54,INSTITUTO SAO VICENTE FERRER,FABIAN SILVA,9,2025,2,Terça-feira,7.74,5.16,Faturada
GO MED HOSPITALAR,V,5710,"CARVEDILOL 6,25MG CPR (GEN) CX C/30",MEDICAMENTOS,AL,02/09/2025,,02/09/2025,1,59,25666.25,42,7,02/09/2025,2,6.9,13.8,3.3,6.9,2.97,4.24,INSTITUTO SAO VICENTE FERRER,FABIAN SILVA,9,2025,2,Terça-feira,6.59,7.21,Faturada
GO MED HOSPITALAR,V,5710,SULFA+TRIMETOP 80+16MG/ML AMP 5ML (BAC-SULFITRIN) CX C/50,MEDICAMENTOS,AL,02/09/2025,,02/09/2025,1,59,25666.25,42,7,02/09/2025,14,6.5,91.0,3.85,6.5,3.85,5.21,INSTITUTO SAO VICENTE FERRER,FABIAN SILVA,9,2025,2,Terça-feira,53.9,37.1,Faturada
GO MED HOSPITALAR,V,5710,DIAZEPAM 10MG CPR CX C/30,MEDICAMENTOS,AL,02/09/2025,,02/09/2025,1,59,25666.25,42,7,02/09/2025,2,9.0,18.0,4.54,9.0,4.54,7.3,INSTITUTO SAO VICENTE FERRER,FABIAN SILVA,9,2025,2,Terça-feira,9.07,8.93,Faturada
GO MED HOSPITALAR,V,5710,HEPARINA 5000UI/5ML FA (HEPAMAX S) CX C/25,MEDICAMENTOS,AL,02/09/2025,,02/09/2025,1,59,25666.25,42,7,02/09/2025,100,36.8,3680.0,21.0,36.8,21.0,30.0,INSTITUTO SAO VICENTE FERRER,FABIAN SILVA,9,2025,2,Terça-feira,2100.0,1580.0,Faturada
GO MED HOSPITALAR,V,5710,SOL. CLORETO POTASSIO 10% 10ML AMP,NUTRIÇÃO CLINICA,AL,02/09/2025,,02/09/2025,1,59,25666.25,42,7,02/09/2025,200,0.89,178.0,0.35,0.89,0.35,0.52,INSTITUTO SAO VICENTE FERRER,FABIAN SILVA,9,2025,2,Terça-feira,70.0,108.0,Faturada
GO MED HOSPITALAR,V,5710,HIDRALAZINA 50MG CPR (APRESOLINA) CX C/20,MEDICAMENTOS,AL,02/09/2025,,02/09/2025,1,59,25666.25,42,7,02/09/2025,3,22.4,67.2,11.49,22.4,11.49,16.41,INSTITUTO SAO VICENTE FERRER,FABIAN SILVA,9,2025,2,Terça-feira,34.47,32.73,Faturada
GO MED HOSPITALAR,V,5710,"BUPIVACAINA 0,5% C/V 20ML STERILE PACK FA (NEOCAINA) CX C/10",MEDICAMENTOS,AL,02/09/2025,,02/09/2025,1,59,25666.25,42,7,02/09/2025,10,64.0,640.0,38.1,64.0,38.1,54.43,INSTITUTO SAO VICENTE FERRER,FABIAN SILVA,9,2025,2,Terça-feira,381.0,259.0,Faturada
GO MED HOSPITALAR,V,5710,CAPTOPRIL 25MG CPR (GEN) CX C/30,MEDICAMENTOS,AL,02/09/2025,,02/09/2025,1,59,25666.25,42,7,02/09/2025,4,4.8,19.2,2.37,4.8,2.37,3.5,INSTITUTO SAO VICENTE FERRER,FABIAN SILVA,9,2025,2,Terça-feira,9.48,9.72,Faturada
GO MED HOSPITALAR,V,5710,BENZILPENICILINA 1.200.000UI INJ FA - C/DIL (BEPEBEN) CX C/1,MEDICAMENTOS,AL,02/09/2025,,02/09/2025,1,59,25666.25,42,7,02/09/2025,27,12.3,332.1,6.26,12.3,6.26,9.29,INSTITUTO SAO VICENTE FERRER,FABIAN SILVA,9,2025,2,Terça-feira,169.0,163.1,Faturada
GO MED HOSPITALAR,V,5710,BENZILPENICILINA 1.200.000UI INJ FA - C/DIL (BEPEBEN) CX C/1,MEDICAMENTOS,AL,02/09/2025,,02/09/2025,1,59,25666.25,42,7,02/09/2025,23,12.3,282.9,6.26,12.3,6.26,9.29,INSTITUTO SAO VICENTE FERRER,FABIAN SILVA,9,2025,2,Terça-feira,143.96,138.94,Faturada
GO MED HOSPITALAR,V,5710,METOPROLOL 1MG/5ML AMP (BECA) CX C/5,MEDICAMENTOS,AL,02/09/2025,,02/09/2025,1,59,25666.25,42,7,02/09/2025,10,33.9,339.0,18.2,33.9,18.2,27.13,INSTITUTO SAO VICENTE FERRER,FABIAN SILVA,9,2025,2,Terça-feira,182.0,157.0,Faturada
GO MED HOSPITALAR,V,5710,"CARVEDILOL 12,5MG CPR (CARDBET) CX C/30",MEDICAMENTOS,AL,02/09/2025,,02/09/2025,1,59,25666.25,42,7,02/09/2025,1,9.9,9.9,6.03,9.9,6.03,8.79,INSTITUTO SAO VICENTE FERRER,FABIAN SILVA,9,2025,2,Terça-feira,6.03,3.87,Faturada
GO MED HOSPITALAR,V,5710,"CARVEDILOL 3,125MG CPR (CARDBET) CX C/30",MEDICAMENTOS,AL,02/09/2025,,02/09/2025,1,59,25666.25,42,7,02/09/2025,1,6.9,6.9,4.05,6.9,4.05,6.04,INSTITUTO SAO VICENTE FERRER,FABIAN SILVA,9,2025,2,Terça-feira,4.05,2.85,Faturada
GO MED HOSPITALAR,V,5710,PARACETAMOL 200MG/ML GTS 15ML (GEN) FR,MEDICAMENTOS,AL,02/09/2025,,02/09/2025,1,59,25666.25,42,7,02/09/2025,15,2.85,42.75,1.56,2.85,1.56,2.33,INSTITUTO SAO VICENTE FERRER,FABIAN SILVA,9,2025,2,Terça-feira,23.4,19.35,Faturada
GO MED HOSPITALAR,V,5710,HIDROCLOROTIAZIDA 25MG CPR (GEN) BL C/20,MEDICAMENTOS,AL,02/09/2025,,02/09/2025,1,59,25666.25,42,7,02/09/2025,60,0.1,6.0,0.04,0.1,0.04,0.06,INSTITUTO SAO VICENTE FERRER,FABIAN SILVA,9,2025,2,Terça-feira,2.23,3.77,Faturada
GO MED HOSPITALAR,V,5710,AZITROMICINA 500MG CPR (GEN) CX C/5,MEDICAMENTOS,AL,02/09/2025,,02/09/2025,1,59,25666.25,42,7,02/09/2025,40,16.0,640.0,8.98,16.0,8.98,13.39,INSTITUTO SAO VICENTE FERRER,FABIAN SILVA,9,2025,2,Terça-feira,359.35,280.65,Faturada
GO MED HOSPITALAR,V,5711,TRAMADOL 50MG/ML 2ML AMP CX C/100,MEDICAMENTOS,AL,02/09/2025,,,1,1,479.0,3,2,,100,1.2,120.0,0.98,1.2,0.98,1.42,VETWORLD,DENIS SOUSA,9,2025,2,Terça-feira,98.09,21.91,Faturada
GO MED HOSPITALAR,V,5711,"SERINGA DESC. 01ML LS C/AG INS 13X4,5 UN",MATERIAL HOSPITALAR,AL,02/09/2025,,,1,1,479.0,3,2,,500,0.24,120.0,0.17,0.24,0.17,0.26,VETWORLD,DENIS SOUSA,9,2025,2,Terça-feira,86.45,33.55,Faturada
GO MED HOSPITALAR,V,5711,MIDAZOLAM 1MG/ML 5ML AMP CX C/100,MEDICAMENTOS,AL,02/09/2025,,,1,1,479.0,3,2,,100,2.39,239.0,1.99,2.39,1.99,2.71,VETWORLD,DENIS SOUSA,9,2025,2,Terça-feira,198.54,40.46,Faturada
GO MED HOSPITALAR,V,5712,SONDA FOLEY 2 VIAS N.18 30CC UN,MATERIAL HOSPITALAR,AL,02/09/2025,,03/09/2025,1,30,25.0,1,1,03/09/2025,10,2.5,25.0,1.88,2.5,1.83,2.73,INSTITUTO DO CANCER DO CEARA (MATRIZ),DENIS SOUSA,9,2025,2,Terça-feira,18.81,6.19,Faturada
GO MED HOSPITALAR,V,5713,SOL. GLICERINA 12% 500ML FR,NUTRIÇÃO CLINICA,AL,02/09/2025,,03/09/2025,1,30,313.47,1,2,03/09/2025,38,8.25,313.5,6.79,8.25,6.79,9.43,HOSPITAL SAO MATEUS LTDA,JOECIA,9,2025,2,Terça-feira,257.85,55.65,Faturada
GO MED HOSPITALAR,V,5714,SOL. GLICOSE 50% 10ML AMP,NUTRIÇÃO CLINICA,AL,02/09/2025,,02/09/2025,1,1,94.0,1,1,02/09/2025,200,0.47,94.0,0.39,0.47,0.39,0.51,INSTITUTO DE GESTAO HOSPITALAR E SAUDE- IGHS,DENIS SOUSA,9,2025,2,Terça-feira,77.48,16.52,Faturada
GO MED HOSPITALAR,V,5715,"SOL. CLORETO SODIO 0,9% 10ML UN",NUTRIÇÃO CLINICA,AL,02/09/2025,,02/09/2025,1,64,58536.55,75,1,02/09/2025,100,0.69,69.0,0.23,0.69,0.23,0.33,INSTITUTO DE DESENV. ENSINO E ASSIST. A SAUDE -IDEAS,DENIS SOUSA,9,2025,2,Terça-feira,23.38,45.62,Faturada
GO MED HOSPITALAR,V,5715,"SOL. CLORETO SODIO 0,9% 10ML UN",NUTRIÇÃO CLINICA,AL,02/09/2025,,02/09/2025,1,64,58536.55,75,1,02/09/2025,900,0.69,621.0,0.23,0.69,0.23,0.33,INSTITUTO DE DESENV. ENSINO E ASSIST. A SAUDE -IDEAS,DENIS SOUSA,9,2025,2,Terça-feira,210.42,410.58,Faturada
GO MED HOSPITALAR,V,5715,"DEXAMETASONA 4MG/ML 2,5ML AMP (GEN) CX C/100",MEDICAMENTOS,AL,02/09/2025,,02/09/2025,1,64,58536.55,75,1,02/09/2025,300,2.2,660.0,0.86,2.2,0.86,1.83,INSTITUTO DE DESENV. ENSINO E ASSIST. A SAUDE -IDEAS,DENIS SOUSA,9,2025,2,Terça-feira,256.83,403.17,Faturada
GO MED HOSPITALAR,V,5715,"DEXAMETASONA 4MG/ML 2,5ML AMP (GEN) CX C/100",MEDICAMENTOS,AL,02/09/2025,,02/09/2025,1,64,58536.55,75,1,02/09/2025,400,2.2,880.0,0.86,2.2,0.86,1.83,INSTITUTO DE DESENV. ENSINO E ASSIST. A SAUDE -IDEAS,DENIS SOUSA,9,2025,2,Terça-feira,342.44,537.56,Faturada
GO MED HOSPITALAR,V,5715,"DEXAMETASONA 4MG/ML 2,5ML AMP (GEN) CX C/100",MEDICAMENTOS,AL,02/09/2025,,02/09/2025,1,64,58536.55,75,1,02/09/2025,300,2.2,660.0,0.86,2.2,0.86,1.83,INSTITUTO DE DESENV. ENSINO E ASSIST. A SAUDE -IDEAS,DENIS SOUSA,9,2025,2,Terça-feira,256.83,403.17,Faturada
GO MED HOSPITALAR,V,5715,DICLOFENACO DE SODIO 25MG/ML 3ML AMP (DICLOFARMA) CX C/100,MEDICAMENTOS,AL,02/09/2025,,02/09/2025,1,64,58536.55,75,1,02/09/2025,200,1.3,260.0,0.97,1.3,0.97,1.54,INSTITUTO DE DESENV. ENSINO E ASSIST. A SAUDE -IDEAS,DENIS SOUSA,9,2025,2,Terça-feira,194.28,65.72,Faturada
GO MED HOSPITALAR,V,5715,AGUA P/INJECAO 10ML AMP UN,NUTRIÇÃO CLINICA,AL,02/09/2025,,02/09/2025,1,64,58536.55,75,1,02/09/2025,3000,0.49,1470.0,0.32,0.49,0.32,0.48,INSTITUTO DE DESENV. ENSINO E ASSIST. A SAUDE -IDEAS,DENIS SOUSA,9,2025,2,Terça-feira,960.0,510.0,Faturada
GO MED HOSPITALAR,V,5715,DIPIRONA 500MG/ML 2ML AMP (DIPIFARMA) CX C/100,MEDICAMENTOS,AL,02/09/2025,,02/09/2025,1,64,58536.55,75,1,02/09/2025,100,1.96,196.0,0.52,1.96,0.52,1.3,INSTITUTO DE DESENV. ENSINO E ASSIST. A SAUDE -IDEAS,DENIS SOUSA,9,2025,2,Terça-feira,52.4,143.6,Faturada
GO MED HOSPITALAR,V,5715,DIPIRONA 500MG/ML 2ML AMP (DIPIFARMA) CX C/100,MEDICAMENTOS,AL,02/09/2025,,02/09/2025,1,64,58536.55,75,1,02/09/2025,1500,1.96,2940.0,0.52,1.96,0.52,1.3,INSTITUTO DE DESENV. ENSINO E ASSIST. A SAUDE -IDEAS,DENIS SOUSA,9,2025,2,Terça-feira,786.0,2154.0,Faturada
GO MED HOSPITALAR,V,5715,SIMETICONA 75MG/ML GTS 15ML (GEN) FR,MEDICAMENTOS,AL,02/09/2025,,02/09/2025,1,64,58536.55,75,1,02/09/2025,20,4.08,81.6,3.99,4.08,3.99,5.84,INSTITUTO DE DESENV. ENSINO E ASSIST. A SAUDE -IDEAS,DENIS SOUSA,9,2025,2,Terça-feira,79.79,1.81,Faturada
GO MED HOSPITALAR,V,5715,METOCLOPRAMIDA 10MG/2ML AMP (METROFARMA) CX C/100,MEDICAMENTOS,AL,02/09/2025,,02/09/2025,1,64,58536.55,75,1,02/09/2025,400,1.47,588.0,0.6,1.47,0.6,0.81,INSTITUTO DE DESENV. ENSINO E ASSIST. A SAUDE -IDEAS,DENIS SOUSA,9,2025,2,Terça-feira,241.08,346.92,Faturada
GO MED HOSPITALAR,V,5715,"SOL. CLORETO SODIO 0,9% 100ML FR",NUTRIÇÃO CLINICA,AL,02/09/2025,,02/09/2025,1,64,58536.55,75,1,02/09/2025,900,5.69,5121.0,2.7,5.69,2.7,4.03,INSTITUTO DE DESENV. ENSINO E ASSIST. A SAUDE -IDEAS,DENIS SOUSA,9,2025,2,Terça-feira,2430.0,2691.0,Faturada
GO MED HOSPITALAR,V,5715,HIDROCORTISONA 100MG FA (GEN) CX C/50,MEDICAMENTOS,AL,02/09/2025,,02/09/2025,1,64,58536.55,75,1,02/09/2025,150,6.52,978.0,3.56,6.52,3.56,4.51,INSTITUTO DE DESENV. ENSINO E ASSIST. A SAUDE -IDEAS,DENIS SOUSA,9,2025,2,Terça-feira,533.79,444.21,Faturada
GO MED HOSPITALAR,V,5715,CEFTRIAXONA 1G FA IM/IV (GEN) CX C/50,MEDICAMENTOS,AL,02/09/2025,,02/09/2025,1,64,58536.55,75,1,02/09/2025,200,7.9,1580.0,5.3,7.9,5.3,7.45,INSTITUTO DE DESENV. ENSINO E ASSIST. A SAUDE -IDEAS,DENIS SOUSA,9,2025,2,Terça-feira,1060.0,520.0,Faturada
GO MED HOSPITALAR,V,5715,CEFTRIAXONA 1G FA IM/IV (GEN) CX C/50,MEDICAMENTOS,AL,02/09/2025,,02/09/2025,1,64,58536.55,75,1,02/09/2025,300,7.9,2370.0,5.3,7.9,5.3,7.45,INSTITUTO DE DESENV. ENSINO E ASSIST. A SAUDE -IDEAS,DENIS SOUSA,9,2025,2,Terça-feira,1590.0,780.0,Faturada
GO MED HOSPITALAR,V,5715,"IPRATROPIO 0,25MG/ML 20ML GTS (GEN) FR",MEDICAMENTOS,AL,02/09/2025,,02/09/2025,1,64,58536.55,75,1,02/09/2025,30,2.74,82.2,1.27,2.74,1.27,1.8,INSTITUTO DE DESENV. ENSINO E ASSIST. A SAUDE -IDEAS,DENIS SOUSA,9,2025,2,Terça-feira,38.02,44.18,Faturada
GO MED HOSPITALAR,V,5715,BROMOPRIDA 5MG/ML 2ML AMP (GEN) CX C/100,MEDICAMENTOS,AL,02/09/2025,,02/09/2025,1,64,58536.55,75,1,02/09/2025,100,2.6,260.0,1.56,2.6,1.56,1.91,INSTITUTO DE DESENV. ENSINO E ASSIST. A SAUDE -IDEAS,DENIS SOUSA,9,2025,2,Terça-feira,155.99,104.01,Faturada
GO MED HOSPITALAR,V,5715,BROMOPRIDA 5MG/ML 2ML AMP (GEN) CX C/100,MEDICAMENTOS,AL,02/09/2025,,02/09/2025,1,64,58536.55,75,1,02/09/2025,400,2.6,1040.0,1.56,2.6,1.56,1.91,INSTITUTO DE DESENV. ENSINO E ASSIST. A SAUDE -IDEAS,DENIS SOUSA,9,2025,2,Terça-feira,623.96,416.04,Faturada
GO MED HOSPITALAR,V,5715,ONDANSETRONA 2MG/ML AMP 4ML (GEN) CX C/100,MEDICAMENTOS,AL,02/09/2025,,02/09/2025,1,64,58536.55,75,1,02/09/2025,300,4.08,1224.0,1.14,4.08,1.14,1.64,INSTITUTO DE DESENV. ENSINO E ASSIST. A SAUDE -IDEAS,DENIS SOUSA,9,2025,2,Terça-feira,341.01,882.99,Faturada
GO MED HOSPITALAR,V,5715,ACIDO TRANEXAMICO 250MG/ML AMP 5ML (GEN) CX C/100,MEDICAMENTOS,AL,02/09/2025,,02/09/2025,1,64,58536.55,75,1,02/09/2025,300,8.3,2490.0,3.81,8.3,3.81,5.45,INSTITUTO DE DESENV. ENSINO E ASSIST. A SAUDE -IDEAS,DENIS SOUSA,9,2025,2,Terça-feira,1142.01,1347.99,Faturada
GO MED HOSPITALAR,V,5715,DICLOFENACO DE SODIO 25MG/ML 3ML AMP (GEN) CX C/100,MEDICAMENTOS,AL,02/09/2025,,02/09/2025,1,64,58536.55,75,1,02/09/2025,100,1.3,130.0,0.98,1.3,0.98,1.46,INSTITUTO DE DESENV. ENSINO E ASSIST. A SAUDE -IDEAS,DENIS SOUSA,9,2025,2,Terça-feira,98.0,32.0,Faturada
GO MED HOSPITALAR,V,5715,BUTIL ESCOPOLAMINA 20MG/ML 1ML AMP (GEN) CX C/100,MEDICAMENTOS,AL,02/09/2025,,02/09/2025,1,64,58536.55,75,1,02/09/2025,100,1.75,175.0,1.26,1.75,1.3,1.86,INSTITUTO DE DESENV. ENSINO E ASSIST. A SAUDE -IDEAS,DENIS SOUSA,9,2025,2,Terça-feira,125.73,49.27,Faturada
GO MED HOSPITALAR,V,5715,"HEPARINA 5000UI/0,25ML AMP (PARINEX) CX C/50",MEDICAMENTOS,AL,02/09/2025,,02/09/2025,1,64,58536.55,75,1,02/09/2025,50,10.91,545.5,5.8,10.91,5.8,9.69,INSTITUTO DE DESENV. ENSINO E ASSIST. A SAUDE -IDEAS,DENIS SOUSA,9,2025,2,Terça-feira,289.92,255.58,Faturada
GO MED HOSPITALAR,V,5715,HIDRALAZINA 20MG/1ML AMP (NEPRESOL) CX C/50,MEDICAMENTOS,AL,02/09/2025,,02/09/2025,1,64,58536.55,75,1,02/09/2025,50,14.2,710.0,6.02,14.2,6.02,8.56,INSTITUTO DE DESENV. ENSINO E ASSIST. A SAUDE -IDEAS,DENIS SOUSA,9,2025,2,Terça-feira,300.8,409.2,Faturada
GO MED HOSPITALAR,V,5715,CETOPROFENO 50MG/ML 2ML AMP (GEN) CX C/100,MEDICAMENTOS,AL,02/09/2025,,02/09/2025,1,64,58536.55,75,1,02/09/2025,300,2.52,756.0,1.46,2.52,1.46,2.16,INSTITUTO DE DESENV. ENSINO E ASSIST. A SAUDE -IDEAS,DENIS SOUSA,9,2025,2,Terça-feira,439.02,316.98,Faturada
GO MED HOSPITALAR,V,5715,"KOLLAGENASE+CLORANF 0,6+0,01G/G 30G POM BG",MEDICAMENTOS,AL,02/09/2025,,02/09/2025,1,64,58536.55,75,1,02/09/2025,10,23.08,230.8,15.21,23.08,15.21,21.73,INSTITUTO DE DESENV. ENSINO E ASSIST. A SAUDE -IDEAS,DENIS SOUSA,9,2025,2,Terça-feira,152.14,78.66,Faturada
GO MED HOSPITALAR,V,5715,SUXAMETONIO 100MG PO FA (SUCCITRAT) CX C/10,MEDICAMENTOS,AL,02/09/2025,,02/09/2025,1,64,58536.55,75,1,02/09/2025,10,39.99,399.9,18.69,39.99,18.69,26.7,INSTITUTO DE DESENV. ENSINO E ASSIST. A SAUDE -IDEAS,DENIS SOUSA,9,2025,2,Terça-feira,186.9,213.0,Faturada
GO MED HOSPITALAR,V,5715,FENTANILA 50MCG/10ML AMP CX C/50,MEDICAMENTOS,AL,02/09/2025,,02/09/2025,1,64,58536.55,75,1,02/09/2025,50,8.15,407.5,3.29,8.15,3.29,5.44,INSTITUTO DE DESENV. ENSINO E ASSIST. A SAUDE -IDEAS,DENIS SOUSA,9,2025,2,Terça-feira,164.64,242.86,Faturada
GO MED HOSPITALAR,V,5715,TRAMADOL 50MG/ML 2ML AMP CX C/100,MEDICAMENTOS,AL,02/09/2025,,02/09/2025,1,64,58536.55,75,1,02/09/2025,300,2.67,801.0,1.0,2.67,1.0,1.42,INSTITUTO DE DESENV. ENSINO E ASSIST. A SAUDE -IDEAS,DENIS SOUSA,9,2025,2,Terça-feira,299.34,501.66,Faturada
GO MED HOSPITALAR,V,5715,FUROSEMIDA 10MG/2ML AMP (GEN) CX C/100,MEDICAMENTOS,AL,02/09/2025,,02/09/2025,1,64,58536.55,75,1,02/09/2025,100,1.96,196.0,0.7,1.96,0.7,1.04,INSTITUTO DE DESENV. ENSINO E ASSIST. A SAUDE -IDEAS,DENIS SOUSA,9,2025,2,Terça-feira,70.0,126.0,Faturada
GO MED HOSPITALAR,V,5715,LIDOCAINA 2% GEL 30G (LABCAINA) BG,MEDICAMENTOS,AL,02/09/2025,,02/09/2025,1,64,58536.55,75,1,02/09/2025,3,11.2,33.6,5.21,11.2,5.21,6.86,INSTITUTO DE DESENV. ENSINO E ASSIST. A SAUDE -IDEAS,DENIS SOUSA,9,2025,2,Terça-feira,15.64,17.96,Faturada
GO MED HOSPITALAR,V,5715,SOL. RINGER C/ LACTATO 500ML FR,NUTRIÇÃO CLINICA,AL,02/09/2025,,02/09/2025,1,64,58536.55,75,1,02/09/2025,172,12.2,2098.4,7.05,12.2,7.05,10.51,INSTITUTO DE DESENV. ENSINO E ASSIST. A SAUDE -IDEAS,DENIS SOUSA,9,2025,2,Terça-feira,1212.6,885.8,Faturada
GO MED HOSPITALAR,V,5715,PROMETAZINA 25MG/ML AMP 2ML (PROMETAZOL) CX C/100,MEDICAMENTOS,AL,02/09/2025,,02/09/2025,1,64,58536.55,75,1,02/09/2025,200,9.78,1956.0,3.05,9.78,3.05,4.55,INSTITUTO DE DESENV. ENSINO E ASSIST. A SAUDE -IDEAS,DENIS SOUSA,9,2025,2,Terça-feira,610.0,1346.0,Faturada
GO MED HOSPITALAR,V,5715,LIDOCAINA 2% S/V FA 20ML (GEN) CX C/25,MEDICAMENTOS,AL,02/09/2025,,02/09/2025,1,64,58536.55,75,1,02/09/2025,25,11.2,280.0,4.68,11.2,4.68,6.69,INSTITUTO DE DESENV. ENSINO E ASSIST. A SAUDE -IDEAS,DENIS SOUSA,9,2025,2,Terça-feira,117.0,163.0,Faturada
GO MED HOSPITALAR,V,5715,DEXAMETASONA 1MG/G CREME 10G (GEN) BG,MEDICAMENTOS,AL,02/09/2025,,02/09/2025,1,64,58536.55,75,1,02/09/2025,15,4.89,73.35,1.52,4.89,1.52,2.17,INSTITUTO DE DESENV. ENSINO E ASSIST. A SAUDE -IDEAS,DENIS SOUSA,9,2025,2,Terça-feira,22.8,50.55,Faturada
GO MED HOSPITALAR,V,5715,BUTIL ESCOPOLAMINA+DIPIRONA 5ML AMP (GEN) CX C/100,MEDICAMENTOS,AL,02/09/2025,,02/09/2025,1,64,58536.55,75,1,02/09/2025,1300,3.26,4238.0,1.81,3.26,1.81,2.7,INSTITUTO DE DESENV. ENSINO E ASSIST. A SAUDE -IDEAS,DENIS SOUSA,9,2025,2,Terça-feira,2353.0,1885.0,Faturada
GO MED HOSPITALAR,V,5715,NITROGLICERINA 5MG/10ML AMP (TRIDIL) CX C/10,MEDICAMENTOS,AL,02/09/2025,,02/09/2025,1,64,58536.55,75,1,02/09/2025,10,81.5,815.0,36.84,81.5,36.84,52.62,INSTITUTO DE DESENV. ENSINO E ASSIST. A SAUDE -IDEAS,DENIS SOUSA,9,2025,2,Terça-feira,368.4,446.6,Faturada
GO MED HOSPITALAR,V,5715,TIAMINA 100MG/ML AMP 1ML (HIPOVIT B) CX C/50,MEDICAMENTOS,AL,02/09/2025,,02/09/2025,1,64,58536.55,75,1,02/09/2025,100,14.99,1499.0,5.94,14.99,5.94,7.14,INSTITUTO DE DESENV. ENSINO E ASSIST. A SAUDE -IDEAS,DENIS SOUSA,9,2025,2,Terça-feira,593.75,905.25,Faturada
GO MED HOSPITALAR,V,5715,SOL. GLICERINA 12% 500ML FR,NUTRIÇÃO CLINICA,AL,02/09/2025,,02/09/2025,1,64,58536.55,75,1,02/09/2025,24,18.5,444.0,6.79,18.5,6.79,9.43,INSTITUTO DE DESENV. ENSINO E ASSIST. A SAUDE -IDEAS,DENIS SOUSA,9,2025,2,Terça-feira,162.85,281.15,Faturada
GO MED HOSPITALAR,V,5715,LOSARTANA 50MG CPR (GEN) CX C/30,MEDICAMENTOS,AL,02/09/2025,,02/09/2025,1,64,58536.55,75,1,02/09/2025,2,9.6,19.2,2.6,9.6,2.6,3.79,INSTITUTO DE DESENV. ENSINO E ASSIST. A SAUDE -IDEAS,DENIS SOUSA,9,2025,2,Terça-feira,5.2,14.0,Faturada
GO MED HOSPITALAR,V,5715,PARACETAMOL 750MG CPR (GEN) BL C/10,MEDICAMENTOS,AL,02/09/2025,,02/09/2025,1,64,58536.55,75,1,02/09/2025,200,0.33,66.0,0.14,0.33,0.14,0.21,INSTITUTO DE DESENV. ENSINO E ASSIST. A SAUDE -IDEAS,DENIS SOUSA,9,2025,2,Terça-feira,27.72,38.28,Faturada
GO MED HOSPITALAR,V,5715,CIPROFLOXACINO 2MG/ML 100ML BOL (FRESOFLOX) CX C/80,MEDICAMENTOS,AL,02/09/2025,,02/09/2025,1,64,58536.55,75,1,02/09/2025,20,19.88,397.6,7.33,19.88,7.33,10.13,INSTITUTO DE DESENV. ENSINO E ASSIST. A SAUDE -IDEAS,DENIS SOUSA,9,2025,2,Terça-feira,146.59,251.01,Faturada
GO MED HOSPITALAR,V,5715,ADRENALINA/EPINEFRINA 1MG/ML 1ML AMP (ADREN) CX C/100,MEDICAMENTOS,AL,02/09/2025,,02/09/2025,1,64,58536.55,75,1,02/09/2025,100,1.96,196.0,0.76,1.96,0.76,1.12,INSTITUTO DE DESENV. ENSINO E ASSIST. A SAUDE -IDEAS,DENIS SOUSA,9,2025,2,Terça-feira,76.22,119.78,Faturada
GO MED HOSPITALAR,V,5715,POLIESTIRENOSULFONATO DE CALCIO 900MG/G 30G ENV (CALNATE) CX C/60,MEDICAMENTOS,AL,02/09/2025,,02/09/2025,1,64,58536.55,75,1,02/09/2025,1,47.0,47.0,35.27,47.0,35.28,50.0,INSTITUTO DE DESENV. ENSINO E ASSIST. A SAUDE -IDEAS,DENIS SOUSA,9,2025,2,Terça-feira,35.27,11.73,Faturada
GO MED HOSPITALAR,V,5715,COMPLEXO B 2ML AMP (HYPLEX B) CX C/100,MEDICAMENTOS,AL,02/09/2025,,02/09/2025,1,64,58536.55,75,1,02/09/2025,100,1.96,196.0,1.39,1.96,1.39,2.03,INSTITUTO DE DESENV. ENSINO E ASSIST. A SAUDE -IDEAS,DENIS SOUSA,9,2025,2,Terça-feira,139.4,56.6,Faturada
GO MED HOSPITALAR,V,5715,CETOPROFENO 100MG IV FA (ARTRINID) CX C/50,MEDICAMENTOS,AL,02/09/2025,,02/09/2025,1,64,58536.55,75,1,02/09/2025,400,8.26,3304.0,4.35,8.26,4.35,6.26,INSTITUTO DE DESENV. ENSINO E ASSIST. A SAUDE -IDEAS,DENIS SOUSA,9,2025,2,Terça-feira,1738.28,1565.72,Faturada
GO MED HOSPITALAR,V,5715,IBUPROFENO 50MG/30ML GTS (IBUPROTRAT) FR,MEDICAMENTOS,AL,02/09/2025,,02/09/2025,1,64,58536.55,75,1,02/09/2025,15,5.71,85.65,3.93,5.71,3.93,5.57,INSTITUTO DE DESENV. ENSINO E ASSIST. A SAUDE -IDEAS,DENIS SOUSA,9,2025,2,Terça-feira,58.97,26.68,Faturada
GO MED HOSPITALAR,V,5715,"SOL. CLORETO SODIO 0,9% 250ML FR",NUTRIÇÃO CLINICA,AL,02/09/2025,,02/09/2025,1,64,58536.55,75,1,02/09/2025,240,6.67,1600.8,5.84,6.67,5.84,8.71,INSTITUTO DE DESENV. ENSINO E ASSIST. A SAUDE -IDEAS,DENIS SOUSA,9,2025,2,Terça-feira,1401.6,199.2,Faturada
GO MED HOSPITALAR,V,5715,SULFADIAZINA DE PRATA 1% 30G (GEN) BG,MEDICAMENTOS,AL,02/09/2025,,02/09/2025,1,64,58536.55,75,1,02/09/2025,20,17.93,358.6,5.55,17.93,5.55,8.27,INSTITUTO DE DESENV. ENSINO E ASSIST. A SAUDE -IDEAS,DENIS SOUSA,9,2025,2,Terça-feira,111.0,247.6,Faturada
GO MED HOSPITALAR,V,5715,SALBUTAMOL AEROS 100MCG 200 DOSES (AERODINI) FR,MEDICAMENTOS,AL,02/09/2025,,02/09/2025,1,64,58536.55,75,1,02/09/2025,30,24.99,749.7,15.4,24.99,15.4,21.28,INSTITUTO DE DESENV. ENSINO E ASSIST. A SAUDE -IDEAS,DENIS SOUSA,9,2025,2,Terça-feira,461.95,287.75,Faturada
GO MED HOSPITALAR,V,5715,ESPIRONOLACTONA 25MG CPR (GEN) CX C/30,MEDICAMENTOS,AL,02/09/2025,,02/09/2025,1,64,58536.55,75,1,02/09/2025,1,14.7,14.7,7.74,14.7,7.74,11.54,INSTITUTO DE DESENV. ENSINO E ASSIST. A SAUDE -IDEAS,DENIS SOUSA,9,2025,2,Terça-feira,7.74,6.96,Faturada
GO MED HOSPITALAR,V,5715,ESPIRONOLACTONA 25MG CPR (GEN) CX C/30,MEDICAMENTOS,AL,02/09/2025,,02/09/2025,1,64,58536.55,75,1,02/09/2025,3,14.7,44.1,7.74,14.7,7.74,11.54,INSTITUTO DE DESENV. ENSINO E ASSIST. A SAUDE -IDEAS,DENIS SOUSA,9,2025,2,Terça-feira,23.22,20.88,Faturada
GO MED HOSPITALAR,V,5715,"SOL. CLORETO SODIO 0,9% 10ML UN",NUTRIÇÃO CLINICA,AL,02/09/2025,,02/09/2025,1,64,58536.55,75,1,02/09/2025,3400,0.69,2346.0,0.19,0.69,0.19,0.27,INSTITUTO DE DESENV. ENSINO E ASSIST. A SAUDE -IDEAS,DENIS SOUSA,9,2025,2,Terça-feira,646.0,1700.0,Faturada
GO MED HOSPITALAR,V,5715,SULFATO FERROSO 40MG CPR (SULFERBEL) BL C/25,MEDICAMENTOS,AL,02/09/2025,,02/09/2025,1,64,58536.55,75,1,02/09/2025,100,0.33,33.0,0.04,0.33,0.04,0.06,INSTITUTO DE DESENV. ENSINO E ASSIST. A SAUDE -IDEAS,DENIS SOUSA,9,2025,2,Terça-feira,4.04,28.96,Faturada
GO MED HOSPITALAR,V,5715,BROMOPRIDA 4MG/ML GTS 20ML (MOVINAU) FR,MEDICAMENTOS,AL,02/09/2025,,02/09/2025,1,64,58536.55,75,1,02/09/2025,5,4.89,24.45,4.14,4.89,4.14,7.33,INSTITUTO DE DESENV. ENSINO E ASSIST. A SAUDE -IDEAS,DENIS SOUSA,9,2025,2,Terça-feira,20.68,3.77,Faturada
GO MED HOSPITALAR,V,5715,METRONIDAZOL 250MG CPR (GEN) CX C/20,MEDICAMENTOS,AL,02/09/2025,,02/09/2025,1,64,58536.55,75,1,02/09/2025,4,9.8,39.2,4.92,9.8,4.92,4.92,INSTITUTO DE DESENV. ENSINO E ASSIST. A SAUDE -IDEAS,DENIS SOUSA,9,2025,2,Terça-feira,19.68,19.52,Faturada
GO MED HOSPITALAR,V,5715,"CLONIDINA 0,100MG CPR (ATENSINA) CX C/30",MEDICAMENTOS,AL,02/09/2025,,02/09/2025,1,64,58536.55,75,1,02/09/2025,3,19.5,58.5,8.6,19.5,8.6,12.31,INSTITUTO DE DESENV. ENSINO E ASSIST. A SAUDE -IDEAS,DENIS SOUSA,9,2025,2,Terça-feira,25.81,32.69,Faturada
GO MED HOSPITALAR,V,5715,VANCOMICINA 500MG FA (NOVAMICIN) CX C/50,MEDICAMENTOS,AL,02/09/2025,,02/09/2025,1,64,58536.55,75,1,02/09/2025,50,9.78,489.0,6.21,9.78,6.21,9.26,INSTITUTO DE DESENV. ENSINO E ASSIST. A SAUDE -IDEAS,DENIS SOUSA,9,2025,2,Terça-feira,310.5,178.5,Faturada
GO MED HOSPITALAR,V,5715,DIPIRONA 500MG/ML 20ML GTS (ABERALGINA) FR,MEDICAMENTOS,AL,02/09/2025,,02/09/2025,1,64,58536.55,75,1,02/09/2025,10,6.52,65.2,4.05,6.52,4.05,5.79,INSTITUTO DE DESENV. ENSINO E ASSIST. A SAUDE -IDEAS,DENIS SOUSA,9,2025,2,Terça-feira,40.5,24.7,Faturada
GO MED HOSPITALAR,V,5715,SOL. GLICOSE 50% 10ML AMP,NUTRIÇÃO CLINICA,AL,02/09/2025,,02/09/2025,1,64,58536.55,75,1,02/09/2025,200,1.14,228.0,0.39,1.14,0.39,0.51,INSTITUTO DE DESENV. ENSINO E ASSIST. A SAUDE -IDEAS,DENIS SOUSA,9,2025,2,Terça-feira,77.48,150.52,Faturada
GO MED HOSPITALAR,V,5715,SOL. CLORETO POTASSIO 10% 10ML AMP,NUTRIÇÃO CLINICA,AL,02/09/2025,,02/09/2025,1,64,58536.55,75,1,02/09/2025,200,0.96,192.0,0.35,0.96,0.35,0.52,INSTITUTO DE DESENV. ENSINO E ASSIST. A SAUDE -IDEAS,DENIS SOUSA,9,2025,2,Terça-feira,70.0,122.0,Faturada
GO MED HOSPITALAR,V,5715,SOL. RINGER C/ LACTATO 500ML FR,NUTRIÇÃO CLINICA,AL,02/09/2025,,02/09/2025,1,64,58536.55,75,1,02/09/2025,38,12.2,463.6,8.96,12.2,8.96,13.37,INSTITUTO DE DESENV. ENSINO E ASSIST. A SAUDE -IDEAS,DENIS SOUSA,9,2025,2,Terça-feira,340.65,122.95,Faturada
GO MED HOSPITALAR,V,5715,"SOL. CLORETO SODIO 0,9% 500ML FR",NUTRIÇÃO CLINICA,AL,02/09/2025,,02/09/2025,1,64,58536.55,75,1,02/09/2025,375,8.16,3060.0,4.46,8.16,4.46,6.11,INSTITUTO DE DESENV. ENSINO E ASSIST. A SAUDE -IDEAS,DENIS SOUSA,9,2025,2,Terça-feira,1673.96,1386.04,Faturada
GO MED HOSPITALAR,V,5715,"SOL. CLORETO SODIO 0,9% 500ML FR",NUTRIÇÃO CLINICA,AL,02/09/2025,,02/09/2025,1,64,58536.55,75,1,02/09/2025,105,8.16,856.8,4.46,8.16,4.46,6.11,INSTITUTO DE DESENV. ENSINO E ASSIST. A SAUDE -IDEAS,DENIS SOUSA,9,2025,2,Terça-feira,468.71,388.09,Faturada
GO MED HOSPITALAR,V,5715,HIDRALAZINA 50MG CPR (APRESOLINA) CX C/20,MEDICAMENTOS,AL,02/09/2025,,02/09/2025,1,64,58536.55,75,1,02/09/2025,1,22.8,22.8,11.49,22.8,11.49,16.41,INSTITUTO DE DESENV. ENSINO E ASSIST. A SAUDE -IDEAS,DENIS SOUSA,9,2025,2,Terça-feira,11.49,11.31,Faturada
GO MED HOSPITALAR,V,5715,DIAZEPAM 5MG CPR CX C/30,MEDICAMENTOS,AL,02/09/2025,,02/09/2025,1,64,58536.55,75,1,02/09/2025,2,6.0,12.0,3.17,6.0,3.17,4.53,INSTITUTO DE DESENV. ENSINO E ASSIST. A SAUDE -IDEAS,DENIS SOUSA,9,2025,2,Terça-feira,6.34,5.66,Faturada
GO MED HOSPITALAR,V,5715,CAPTOPRIL 25MG CPR (GEN) CX C/30,MEDICAMENTOS,AL,02/09/2025,,02/09/2025,1,64,58536.55,75,1,02/09/2025,16,3.0,48.0,2.37,3.0,2.37,3.5,INSTITUTO DE DESENV. ENSINO E ASSIST. A SAUDE -IDEAS,DENIS SOUSA,9,2025,2,Terça-feira,37.93,10.07,Faturada
GO MED HOSPITALAR,V,5715,OMEPRAZOL 20MG CPS - CARTELA (GEN) CX C/56,MEDICAMENTOS,AL,02/09/2025,,02/09/2025,1,64,58536.55,75,1,02/09/2025,8,5.6,44.8,5.63,5.6,5.63,8.38,INSTITUTO DE DESENV. ENSINO E ASSIST. A SAUDE -IDEAS,DENIS SOUSA,9,2025,2,Terça-feira,45.03,-0.23,Faturada
GO MED HOSPITALAR,V,5715,BENZILPENICILINA 1.200.000UI INJ FA - C/DIL (BEPEBEN) CX C/1,MEDICAMENTOS,AL,02/09/2025,,02/09/2025,1,64,58536.55,75,1,02/09/2025,250,12.78,3195.0,6.26,12.78,6.26,9.29,INSTITUTO DE DESENV. ENSINO E ASSIST. A SAUDE -IDEAS,DENIS SOUSA,9,2025,2,Terça-feira,1564.78,1630.22,Faturada
GO MED HOSPITALAR,V,5715,HIDROXIZINA 2MG/ML 120ML (GEN) FR,MEDICAMENTOS,AL,02/09/2025,,02/09/2025,1,64,58536.55,75,1,02/09/2025,20,19.4,388.0,11.56,19.4,11.56,17.23,INSTITUTO DE DESENV. ENSINO E ASSIST. A SAUDE -IDEAS,DENIS SOUSA,9,2025,2,Terça-feira,231.19,156.81,Faturada
GO MED HOSPITALAR,V,5715,LIDOCAINA 2% S/V AMP 5ML (GEN) CX C/100,MEDICAMENTOS,AL,02/09/2025,,02/09/2025,1,64,58536.55,75,1,02/09/2025,100,2.2,220.0,1.0,2.2,1.0,1.49,INSTITUTO DE DESENV. ENSINO E ASSIST. A SAUDE -IDEAS,DENIS SOUSA,9,2025,2,Terça-feira,100.0,120.0,Faturada
GO MED HOSPITALAR,V,5715,LIDOCAINA 2% GEL 30G (LIDOGEL) BG,MEDICAMENTOS,AL,02/09/2025,,02/09/2025,1,64,58536.55,75,1,02/09/2025,3,11.2,33.6,6.59,11.2,6.59,9.41,INSTITUTO DE DESENV. ENSINO E ASSIST. A SAUDE -IDEAS,DENIS SOUSA,9,2025,2,Terça-feira,19.77,13.83,Faturada
GO MED HOSPITALAR,V,5715,DIPIRONA 500MG CPR (MULTIPIRAL) BL C/10,MEDICAMENTOS,AL,02/09/2025,,02/09/2025,1,64,58536.55,75,1,02/09/2025,300,0.49,147.0,0.19,0.49,0.19,0.27,INSTITUTO DE DESENV. ENSINO E ASSIST. A SAUDE -IDEAS,DENIS SOUSA,9,2025,2,Terça-feira,55.56,91.44,Faturada
GO MED HOSPITALAR,V,5715,LACTULOSE 667MG/ML 120ML XPE AMEIXA (LACTULIFE) FR,MEDICAMENTOS,AL,02/09/2025,,02/09/2025,1,64,58536.55,75,1,02/09/2025,5,9.78,48.9,17.83,9.78,17.83,26.58,INSTITUTO DE DESENV. ENSINO E ASSIST. A SAUDE -IDEAS,DENIS SOUSA,9,2025,2,Terça-feira,89.14,-40.24,Faturada
GO MED HOSPITALAR,V,5715,AZITROMICINA 500MG CPR (GEN) CX C/5,MEDICAMENTOS,AL,02/09/2025,,02/09/2025,1,64,58536.55,75,1,02/09/2025,10,8.15,81.5,8.98,8.15,8.98,13.39,INSTITUTO DE DESENV. ENSINO E ASSIST. A SAUDE -IDEAS,DENIS SOUSA,9,2025,2,Terça-feira,89.84,-8.34,Faturada
GO MED HOSPITALAR,V,5716,"COMPRESSA DE GAZE 7,5CMX7,5CM 11 FIOS C/10 LIVIA ENV",MATERIAL HOSPITALAR,AL,02/09/2025,,02/09/2025,1,1,4862.4,10,14,02/09/2025,3600,0.48,1728.0,0.38,0.48,0.38,0.54,INSTITUTO DE GESTAO HOSPITALAR E SAUDE- IGHS,DENIS SOUSA,9,2025,2,Terça-feira,1369.8,358.2,Faturada
GO MED HOSPITALAR,V,5716,EQUIPO MACROGOTAS AR CAM.F FILT-REG-INJ-LUER SLIP UN,MATERIAL HOSPITALAR,AL,02/09/2025,,02/09/2025,1,1,4862.4,10,14,02/09/2025,2000,0.88,1760.0,0.7,0.88,0.7,1.0,INSTITUTO DE GESTAO HOSPITALAR E SAUDE- IGHS,DENIS SOUSA,9,2025,2,Terça-feira,1404.8,355.2,Faturada
GO MED HOSPITALAR,V,5716,"ESPARADRAPO 10CM X 4,5M UN",MATERIAL HOSPITALAR,AL,02/09/2025,,02/09/2025,1,1,4862.4,10,14,02/09/2025,48,8.8,422.4,6.71,8.8,6.71,10.0,INSTITUTO DE GESTAO HOSPITALAR E SAUDE- IGHS,DENIS SOUSA,9,2025,2,Terça-feira,321.89,100.51,Faturada
GO MED HOSPITALAR,V,5716,"ATADURA CREPOM 10CM X 1,8M 13 FIOS JADE UN",MATERIAL HOSPITALAR,AL,02/09/2025,,02/09/2025,1,1,4862.4,10,14,02/09/2025,120,0.5,60.0,0.4,0.5,0.4,0.6,INSTITUTO DE GESTAO HOSPITALAR E SAUDE- IGHS,DENIS SOUSA,9,2025,2,Terça-feira,48.18,11.82,Faturada
GO MED HOSPITALAR,V,5716,"CLOREXIDINA 0,5% (CHLORCLEAR) ALCOOLICA 1LT AZUL FR",SANEANTES,AL,02/09/2025,,02/09/2025,1,1,4862.4,10,14,02/09/2025,12,12.37,148.44,8.3,12.37,8.3,12.37,INSTITUTO DE GESTAO HOSPITALAR E SAUDE- IGHS,DENIS SOUSA,9,2025,2,Terça-feira,99.6,48.84,Faturada
GO MED HOSPITALAR,V,5716,"COMPRESSA DE GAZE 7,5CMX7,5CM 11 FIOS C/500 REBECCA PC",MATERIAL HOSPITALAR,AL,02/09/2025,,02/09/2025,1,1,4862.4,10,14,02/09/2025,4,19.09,76.36,15.22,19.09,15.22,21.75,INSTITUTO DE GESTAO HOSPITALAR E SAUDE- IGHS,DENIS SOUSA,9,2025,2,Terça-feira,60.89,15.47,Faturada
GO MED HOSPITALAR,V,5716,SONDA ASP.TRAQUEAL 18FR UN,MATERIAL HOSPITALAR,AL,02/09/2025,,02/09/2025,1,1,4862.4,10,14,02/09/2025,30,0.94,28.2,0.78,0.94,0.78,0.97,INSTITUTO DE GESTAO HOSPITALAR E SAUDE- IGHS,DENIS SOUSA,9,2025,2,Terça-feira,23.33,4.87,Faturada
GO MED HOSPITALAR,V,5716,"ACIDO PERACETICO 0,2% (VIC PERACETICO) 5LT UN",SANEANTES,AL,02/09/2025,,02/09/2025,1,1,4862.4,10,14,02/09/2025,2,132.0,264.0,92.28,132.0,92.28,131.83,INSTITUTO DE GESTAO HOSPITALAR E SAUDE- IGHS,DENIS SOUSA,9,2025,2,Terça-feira,184.57,79.43,Faturada
GO MED HOSPITALAR,V,5716,CATETER INTRAVENOSO 20G. UN,MATERIAL HOSPITALAR,AL,02/09/2025,,02/09/2025,1,1,4862.4,10,14,02/09/2025,300,0.75,225.0,0.59,0.75,0.59,0.84,INSTITUTO DE GESTAO HOSPITALAR E SAUDE- IGHS,DENIS SOUSA,9,2025,2,Terça-feira,175.74,49.26,Faturada
GO MED HOSPITALAR,V,5716,CATETER INTRAVENOSO 22G. UN,MATERIAL HOSPITALAR,AL,02/09/2025,,02/09/2025,1,1,4862.4,10,14,02/09/2025,200,0.75,150.0,0.58,0.75,0.58,0.86,INSTITUTO DE GESTAO HOSPITALAR E SAUDE- IGHS,DENIS SOUSA,9,2025,2,Terça-feira,115.96,34.04,Faturada
GO MED HOSPITALAR,V,5717,ACIDO TRANEXAMICO 250MG/ML AMP 5ML (GEN) CX C/100,MEDICAMENTOS,AL,02/09/2025,,02/09/2025,1,60,2924.0,8,3,02/09/2025,200,4.78,956.0,3.81,4.78,3.81,5.45,INSTITUTO SAO VICENTE FERRER,FABIAN SILVA,9,2025,2,Terça-feira,761.34,194.66,Faturada
GO MED HOSPITALAR,V,5717,TOUCA DESC. C/ELASTICO PC,MATERIAL HOSPITALAR,AL,02/09/2025,,02/09/2025,1,60,2924.0,8,3,02/09/2025,2,7.6,15.2,5.19,7.6,5.19,7.65,INSTITUTO SAO VICENTE FERRER,FABIAN SILVA,9,2025,2,Terça-feira,10.37,4.83,Faturada
GO MED HOSPITALAR,V,5717,TOUCA DESC. C/ELASTICO PC,MATERIAL HOSPITALAR,AL,02/09/2025,,02/09/2025,1,60,2924.0,8,3,02/09/2025,28,7.6,212.8,5.19,7.6,5.19,7.65,INSTITUTO SAO VICENTE FERRER,FABIAN SILVA,9,2025,2,Terça-feira,145.24,67.56,Faturada
GO MED HOSPITALAR,V,5717,LIDOCAINA 2% GEL 30G (LABCAINA) BG,MEDICAMENTOS,AL,02/09/2025,,02/09/2025,1,60,2924.0,8,3,02/09/2025,10,6.7,67.0,5.21,6.7,5.21,6.86,INSTITUTO SAO VICENTE FERRER,FABIAN SILVA,9,2025,2,Terça-feira,52.14,14.86,Faturada
GO MED HOSPITALAR,V,5717,SONDA FOLEY 2 VIAS N.16 30CC UN,MATERIAL HOSPITALAR,AL,02/09/2025,,02/09/2025,1,60,2924.0,8,3,02/09/2025,20,3.0,60.0,2.17,3.0,2.17,3.3,INSTITUTO SAO VICENTE FERRER,FABIAN SILVA,9,2025,2,Terça-feira,43.42,16.58,Faturada
GO MED HOSPITALAR,V,5717,SONDA FOLEY 2 VIAS N.18 30CC UN,MATERIAL HOSPITALAR,AL,02/09/2025,,02/09/2025,1,60,2924.0,8,3,02/09/2025,20,3.0,60.0,2.0,3.0,2.0,2.86,INSTITUTO SAO VICENTE FERRER,FABIAN SILVA,9,2025,2,Terça-feira,40.0,20.0,Faturada
GO MED HOSPITALAR,V,5717,FITA P/GLICEMIA ON CALL PLUS CX,MATERIAL HOSPITALAR,AL,02/09/2025,,02/09/2025,1,60,2924.0,8,3,02/09/2025,15,30.2,453.0,23.26,30.2,23.26,34.59,INSTITUTO SAO VICENTE FERRER,FABIAN SILVA,9,2025,2,Terça-feira,348.97,104.03,Faturada
GO MED HOSPITALAR,V,5717,TOALHA TISSY 30X35CM (DESCARTAVEL PCT 100UN) IPT PC,MATERIAL HOSPITALAR,AL,02/09/2025,,02/09/2025,1,60,2924.0,8,3,02/09/2025,20,55.0,1100.0,38.54,55.0,38.54,55.05,INSTITUTO SAO VICENTE FERRER,FABIAN SILVA,9,2025,2,Terça-feira,770.8,329.2,Faturada
GO MED HOSPITALAR,V,5718,ALCOOL 70% 1LT (SANEANTE) LT,SANEANTES,AL,02/09/2025,,02/09/2025,1,30,1368.0,1,20,02/09/2025,240,5.7,1368.0,4.02,5.7,4.02,5.74,HOSPITAL MATERNIDADE SAO VICENTE DE PAULO,CESAR GAMA,9,2025,2,Terça-feira,964.27,403.73,Faturada
GO MED HOSPITALAR,V,5719,CLOREXIDINA 2% DEGER (CHLORCLEAR 1LT FR,SANEANTES,AL,02/09/2025,,03/09/2025,1,30,1478.98,4,9,03/09/2025,48,15.3,734.4,10.56,15.3,10.56,17.89,FREEDOM HOSPITALAR,CESAR GAMA,9,2025,2,Terça-feira,507.09,227.31,Faturada
GO MED HOSPITALAR,V,5719,CURATIVO CIR.ALG (COMPRESSA) 10CMX15CM C/01 UND LUIZA PC,MATERIAL HOSPITALAR,AL,02/09/2025,,03/09/2025,1,30,1478.98,4,9,03/09/2025,24,0.57,13.68,0.45,0.57,0.45,0.65,FREEDOM HOSPITALAR,CESAR GAMA,9,2025,2,Terça-feira,10.87,2.81,Faturada
GO MED HOSPITALAR,V,5719,"CLOREXIDINA 0,5% (CHLORCLEAR) ALCOOLICA 1LT AZUL FR",SANEANTES,AL,02/09/2025,,03/09/2025,1,30,1478.98,4,9,03/09/2025,48,10.8,518.4,8.3,10.8,8.3,12.37,FREEDOM HOSPITALAR,CESAR GAMA,9,2025,2,Terça-feira,398.4,120.0,Faturada
GO MED HOSPITALAR,V,5719,FITA MICROPORE 50 X 10 C/CARR UN,MATERIAL HOSPITALAR,AL,02/09/2025,,03/09/2025,1,30,1478.98,4,9,03/09/2025,50,4.25,212.5,3.36,4.25,3.36,4.85,FREEDOM HOSPITALAR,CESAR GAMA,9,2025,2,Terça-feira,168.19,44.31,Faturada
GO MED HOSPITALAR,V,5720,"COMPRESSA DE GAZE 7,5CMX7,5CM 11 FIOS C/10 LIVIA ENV",MATERIAL HOSPITALAR,AL,02/09/2025,,02/09/2025,1,30,1389.34,12,11,02/09/2025,200,0.47,94.0,0.38,0.47,0.38,0.54,HOSPITAL GERAL VALE DO JAGUARIBE LTDA,DENIS SOUSA,9,2025,2,Terça-feira,76.1,17.9,Faturada
GO MED HOSPITALAR,V,5720,NORADRENALINA/NOREPINEFRINA 8MG/4ML AMP (GEN) CX C/50,MEDICAMENTOS,AL,02/09/2025,,02/09/2025,1,30,1389.34,12,11,02/09/2025,50,1.06,53.0,0.89,1.06,0.89,1.27,HOSPITAL GERAL VALE DO JAGUARIBE LTDA,DENIS SOUSA,9,2025,2,Terça-feira,44.69,8.31,Faturada
GO MED HOSPITALAR,V,5720,ALGODAO HIDROFILO 500G UN,MATERIAL HOSPITALAR,AL,02/09/2025,,02/09/2025,1,30,1389.34,12,11,02/09/2025,10,12.0,120.0,9.6,12.0,9.6,14.54,HOSPITAL GERAL VALE DO JAGUARIBE LTDA,DENIS SOUSA,9,2025,2,Terça-feira,96.0,24.0,Faturada
GO MED HOSPITALAR,V,5720,CATETER INTRAVENOSO 24G. UN,MATERIAL HOSPITALAR,AL,02/09/2025,,02/09/2025,1,30,1389.34,12,11,02/09/2025,200,0.85,170.6,0.68,0.85,0.68,1.02,HOSPITAL GERAL VALE DO JAGUARIBE LTDA,DENIS SOUSA,9,2025,2,Terça-feira,136.64,33.96,Faturada
GO MED HOSPITALAR,V,5720,SONDA URETRAL N.18 UN,MATERIAL HOSPITALAR,AL,02/09/2025,,02/09/2025,1,30,1389.34,12,11,02/09/2025,10,0.58,5.8,0.47,0.58,0.47,0.67,HOSPITAL GERAL VALE DO JAGUARIBE LTDA,DENIS SOUSA,9,2025,2,Terça-feira,4.7,1.1,Faturada
GO MED HOSPITALAR,V,5720,ANLODIPINO 5MG (BESILAPIN) CPR BL C/20,MEDICAMENTOS,AL,02/09/2025,,02/09/2025,1,30,1389.34,12,11,02/09/2025,60,0.03,2.04,0.03,0.03,0.03,0.04,HOSPITAL GERAL VALE DO JAGUARIBE LTDA,DENIS SOUSA,9,2025,2,Terça-feira,1.64,0.4,Faturada
GO MED HOSPITALAR,V,5720,CATETER CENTRAL DUPLO LUMEN 7FR X 20CM UN,MATERIAL HOSPITALAR,AL,02/09/2025,,02/09/2025,1,30,1389.34,12,11,02/09/2025,4,46.87,187.48,38.27,46.87,38.27,53.57,HOSPITAL GERAL VALE DO JAGUARIBE LTDA,DENIS SOUSA,9,2025,2,Terça-feira,153.06,34.42,Faturada
GO MED HOSPITALAR,V,5720,ALCOOL 70% 1LT (SANEANTE) LT,SANEANTES,AL,02/09/2025,,02/09/2025,1,30,1389.34,12,11,02/09/2025,40,5.73,229.2,4.02,5.73,4.02,5.74,HOSPITAL GERAL VALE DO JAGUARIBE LTDA,DENIS SOUSA,9,2025,2,Terça-feira,160.71,68.49,Faturada
GO MED HOSPITALAR,V,5720,"CLOREXIDINA 0,5% (CHLORCLEAR) ALCOOLICA 1LT AZUL FR",SANEANTES,AL,02/09/2025,,02/09/2025,1,30,1389.34,12,11,02/09/2025,6,12.37,74.22,8.3,12.37,8.3,12.37,HOSPITAL GERAL VALE DO JAGUARIBE LTDA,DENIS SOUSA,9,2025,2,Terça-feira,49.8,24.42,Faturada
GO MED HOSPITALAR,V,5720,SCALP 21G UN,MATERIAL HOSPITALAR,AL,02/09/2025,,02/09/2025,1,30,1389.34,12,11,02/09/2025,200,0.21,42.0,0.17,0.21,0.17,0.25,HOSPITAL GERAL VALE DO JAGUARIBE LTDA,DENIS SOUSA,9,2025,2,Terça-feira,34.56,7.44,Faturada
GO MED HOSPITALAR,V,5720,ESCOVA C/ CLOREXIDINA 2% UN,SANEANTES,AL,02/09/2025,,02/09/2025,1,30,1389.34,12,11,02/09/2025,200,1.53,306.0,1.23,1.53,1.23,1.76,HOSPITAL GERAL VALE DO JAGUARIBE LTDA,DENIS SOUSA,9,2025,2,Terça-feira,246.0,60.0,Faturada
GO MED HOSPITALAR,V,5720,COLETOR UNIVERSAL 80ML S/PA ESTERIL TAMPA VERMELHA UN,MATERIAL HOSPITALAR,AL,02/09/2025,,02/09/2025,1,30,1389.34,12,11,02/09/2025,300,0.35,105.0,0.35,0.35,0.35,0.5,HOSPITAL GERAL VALE DO JAGUARIBE LTDA,DENIS SOUSA,9,2025,2,Terça-feira,104.25,0.75,Faturada
GO MED HOSPITALAR,V,5721,NORADRENALINA/NOREPINEFRINA 8MG/4ML AMP (GEN) CX C/50,MEDICAMENTOS,AL,02/09/2025,,03/09/2025,1,30,666.95,2,2,03/09/2025,450,1.06,477.0,0.89,1.06,0.89,1.27,HOSPITAL OTOCLINICA LTDA,JOECIA,9,2025,2,Terça-feira,402.21,74.79,Faturada
GO MED HOSPITALAR,V,5721,LORATADINA 1MG/100ML XPE (GEN) FR,MEDICAMENTOS,AL,02/09/2025,,03/09/2025,1,30,666.95,2,2,03/09/2025,38,5.0,190.0,4.0,5.0,4.0,5.71,HOSPITAL OTOCLINICA LTDA,JOECIA,9,2025,2,Terça-feira,152.0,38.0,Faturada
GO MED HOSPITALAR,V,5722,LAMINA DE BISTURI N.11 C/100 CX,MATERIAL HOSPITALAR,AL,02/09/2025,,02/09/2025,1,59,39062.27,80,1,02/09/2025,1,42.0,42.0,22.49,42.0,22.49,34.01,INSTITUTO SAO VICENTE FERRER,FABIAN SILVA,9,2025,2,Terça-feira,22.49,19.51,Faturada
GO MED HOSPITALAR,V,5722,MASCARA DESC. TRIPLA C/CLIP CX C/50,MATERIAL HOSPITALAR,AL,02/09/2025,,02/09/2025,1,59,39062.27,80,1,02/09/2025,50,9.8,490.0,7.6,9.8,7.6,10.86,INSTITUTO SAO VICENTE FERRER,FABIAN SILVA,9,2025,2,Terça-feira,380.0,110.0,Faturada
GO MED HOSPITALAR,V,5722,ALMOTOLIA NATURAL BICO RETO 250ML UND,MATERIAL HOSPITALAR,AL,02/09/2025,,02/09/2025,1,59,39062.27,80,1,02/09/2025,5,4.9,24.5,2.46,4.9,2.46,3.11,INSTITUTO SAO VICENTE FERRER,FABIAN SILVA,9,2025,2,Terça-feira,12.28,12.22,Faturada
GO MED HOSPITALAR,V,5722,FRALDA DESC. GERIAT M C/08 PC PC,MATERIAL HOSPITALAR,AL,02/09/2025,,02/09/2025,1,59,39062.27,80,1,02/09/2025,12,20.0,240.0,8.19,20.0,8.19,11.7,INSTITUTO SAO VICENTE FERRER,FABIAN SILVA,9,2025,2,Terça-feira,98.28,141.72,Faturada
GO MED HOSPITALAR,V,5722,"ESPARADRAPO 10CM X 4,5M UN",MATERIAL HOSPITALAR,AL,02/09/2025,,02/09/2025,1,59,39062.27,80,1,02/09/2025,144,12.9,1857.6,6.71,12.9,6.71,10.0,INSTITUTO SAO VICENTE FERRER,FABIAN SILVA,9,2025,2,Terça-feira,965.66,891.94,Faturada
GO MED HOSPITALAR,V,5722,SONDA FOLEY 2 VIAS N.22 30CC UN,MATERIAL HOSPITALAR,AL,02/09/2025,,02/09/2025,1,59,39062.27,80,1,02/09/2025,5,3.9,19.5,1.76,3.9,1.76,2.51,INSTITUTO SAO VICENTE FERRER,FABIAN SILVA,9,2025,2,Terça-feira,8.8,10.7,Faturada
GO MED HOSPITALAR,V,5722,LAMINA DE BISTURI N.15 UN,MATERIAL HOSPITALAR,AL,02/09/2025,,02/09/2025,1,59,39062.27,80,1,02/09/2025,300,0.42,126.0,0.22,0.42,0.22,0.31,INSTITUTO SAO VICENTE FERRER,FABIAN SILVA,9,2025,2,Terça-feira,66.12,59.88,Faturada
GO MED HOSPITALAR,V,5722,TOUCA DESC. C/ELASTICO PC,MATERIAL HOSPITALAR,AL,02/09/2025,,02/09/2025,1,59,39062.27,80,1,02/09/2025,16,9.9,158.4,5.19,9.9,5.19,7.65,INSTITUTO SAO VICENTE FERRER,FABIAN SILVA,9,2025,2,Terça-feira,82.99,75.41,Faturada
GO MED HOSPITALAR,V,5722,FITA ADESIVA HOSP. 19MM X 50M UN,MATERIAL HOSPITALAR,AL,02/09/2025,,02/09/2025,1,59,39062.27,80,1,02/09/2025,60,9.8,588.0,3.35,9.8,3.35,4.99,INSTITUTO SAO VICENTE FERRER,FABIAN SILVA,9,2025,2,Terça-feira,200.95,387.05,Faturada
GO MED HOSPITALAR,V,5722,ATADURA GESSADA 20CM X 4M RL CX C/20,MATERIAL HOSPITALAR,AL,02/09/2025,,02/09/2025,1,59,39062.27,80,1,02/09/2025,2,160.0,320.0,89.6,160.0,89.6,127.99,INSTITUTO SAO VICENTE FERRER,FABIAN SILVA,9,2025,2,Terça-feira,179.2,140.8,Faturada
GO MED HOSPITALAR,V,5722,CLOREXIDINA 2% DEGER (CHLORCLEAR 1LT FR,SANEANTES,AL,02/09/2025,,02/09/2025,1,59,39062.27,80,1,02/09/2025,48,22.35,1072.8,10.56,22.35,10.56,17.89,INSTITUTO SAO VICENTE FERRER,FABIAN SILVA,9,2025,2,Terça-feira,507.09,565.71,Faturada
GO MED HOSPITALAR,V,5722,"SONDA ENDOTRAQUEAL C/BALAO N.8,5MM UN",MATERIAL HOSPITALAR,AL,02/09/2025,,02/09/2025,1,59,39062.27,80,1,02/09/2025,10,4.9,49.0,3.47,4.9,3.47,4.96,INSTITUTO SAO VICENTE FERRER,FABIAN SILVA,9,2025,2,Terça-feira,34.73,14.27,Faturada
GO MED HOSPITALAR,V,5722,SONDA URETRAL N.12 UN,MATERIAL HOSPITALAR,AL,02/09/2025,,02/09/2025,1,59,39062.27,80,1,02/09/2025,40,1.2,48.0,0.68,1.2,0.68,0.99,INSTITUTO SAO VICENTE FERRER,FABIAN SILVA,9,2025,2,Terça-feira,27.36,20.64,Faturada
GO MED HOSPITALAR,V,5722,CATETER INTRAVENOSO 14G. UN,MATERIAL HOSPITALAR,AL,02/09/2025,,02/09/2025,1,59,39062.27,80,1,02/09/2025,50,1.35,67.5,0.76,1.35,0.76,1.09,INSTITUTO SAO VICENTE FERRER,FABIAN SILVA,9,2025,2,Terça-feira,38.1,29.4,Faturada
GO MED HOSPITALAR,V,5722,"SONDA ENDOTRAQUEAL C/BALAO N.9,0MM UN",MATERIAL HOSPITALAR,AL,02/09/2025,,02/09/2025,1,59,39062.27,80,1,02/09/2025,6,4.9,29.4,2.0,4.9,2.0,2.86,INSTITUTO SAO VICENTE FERRER,FABIAN SILVA,9,2025,2,Terça-feira,12.0,17.4,Faturada
GO MED HOSPITALAR,V,5722,"AGULHA DESC. 25 X 0,70MM CX",MATERIAL HOSPITALAR,AL,02/09/2025,,02/09/2025,1,59,39062.27,80,1,02/09/2025,1,14.0,14.0,10.64,14.0,10.64,16.4,INSTITUTO SAO VICENTE FERRER,FABIAN SILVA,9,2025,2,Terça-feira,10.64,3.36,Faturada
GO MED HOSPITALAR,V,5722,"AGULHA DESC. 25 X 0,70MM CX",MATERIAL HOSPITALAR,AL,02/09/2025,,02/09/2025,1,59,39062.27,80,1,02/09/2025,9,14.0,126.0,10.64,14.0,10.64,16.4,INSTITUTO SAO VICENTE FERRER,FABIAN SILVA,9,2025,2,Terça-feira,95.74,30.26,Faturada
GO MED HOSPITALAR,V,5722,"ATADURA CREPOM 10CM X 1,8M 13 FIOS JADE UN",MATERIAL HOSPITALAR,AL,02/09/2025,,02/09/2025,1,59,39062.27,80,1,02/09/2025,960,0.98,940.8,0.4,0.98,0.4,0.6,INSTITUTO SAO VICENTE FERRER,FABIAN SILVA,9,2025,2,Terça-feira,385.44,555.36,Faturada
GO MED HOSPITALAR,V,5722,"ATADURA CREPOM 15CM X 1,8M 13 FIOS JADE UN",MATERIAL HOSPITALAR,AL,02/09/2025,,02/09/2025,1,59,39062.27,80,1,02/09/2025,800,1.28,1024.0,0.62,1.28,0.62,0.9,INSTITUTO SAO VICENTE FERRER,FABIAN SILVA,9,2025,2,Terça-feira,493.2,530.8,Faturada
GO MED HOSPITALAR,V,5722,LUVA DE PROCEDIMENTO.(P) C/100 CX,MATERIAL HOSPITALAR,AL,02/09/2025,,02/09/2025,1,59,39062.27,80,1,02/09/2025,200,32.9,6580.0,17.27,32.9,17.27,25.75,INSTITUTO SAO VICENTE FERRER,FABIAN SILVA,9,2025,2,Terça-feira,3455.0,3125.0,Faturada
GO MED HOSPITALAR,V,5722,FRALDA DESC. GERIAT XG C/07 PC,MATERIAL HOSPITALAR,AL,02/09/2025,,02/09/2025,1,59,39062.27,80,1,02/09/2025,20,20.0,400.0,10.78,20.0,10.78,16.09,INSTITUTO SAO VICENTE FERRER,FABIAN SILVA,9,2025,2,Terça-feira,215.65,184.35,Faturada
GO MED HOSPITALAR,V,5722,AGUA OXIGENADA 10 VOL 1LT LIT,SANEANTES,AL,02/09/2025,,02/09/2025,1,59,39062.27,80,1,02/09/2025,3,8.23,24.69,4.61,8.23,4.61,6.57,INSTITUTO SAO VICENTE FERRER,FABIAN SILVA,9,2025,2,Terça-feira,13.82,10.87,Faturada
GO MED HOSPITALAR,V,5722,CATETER CENTRAL DUPLO LUMEN 7FR X 20CM UN,MATERIAL HOSPITALAR,AL,02/09/2025,,02/09/2025,1,59,39062.27,80,1,02/09/2025,20,69.0,1380.0,38.27,69.0,38.27,53.57,INSTITUTO SAO VICENTE FERRER,FABIAN SILVA,9,2025,2,Terça-feira,765.32,614.68,Faturada
GO MED HOSPITALAR,V,5722,SONDA P/NUTRICAO ENTERAL C/GUIA N.12 UN,MATERIAL HOSPITALAR,AL,02/09/2025,,02/09/2025,1,59,39062.27,80,1,02/09/2025,20,30.0,600.0,16.77,30.0,16.77,25.01,INSTITUTO SAO VICENTE FERRER,FABIAN SILVA,9,2025,2,Terça-feira,335.49,264.51,Faturada
GO MED HOSPITALAR,V,5722,ALGODAO ORTOP. 420G ROL,MATERIAL HOSPITALAR,AL,02/09/2025,,02/09/2025,1,59,39062.27,80,1,02/09/2025,20,24.6,492.0,13.76,24.6,13.76,19.68,INSTITUTO SAO VICENTE FERRER,FABIAN SILVA,9,2025,2,Terça-feira,275.18,216.82,Faturada
GO MED HOSPITALAR,V,5722,ALCOOL 70% 1LT (ANTISSEPTICO) UN,SANEANTES,AL,02/09/2025,,02/09/2025,1,59,39062.27,80,1,02/09/2025,120,8.9,1068.0,4.62,8.9,4.62,6.39,INSTITUTO SAO VICENTE FERRER,FABIAN SILVA,9,2025,2,Terça-feira,553.86,514.14,Faturada
GO MED HOSPITALAR,V,5722,"CLOREXIDINA 0,5% (CHLORCLEAR) ALCOOLICA 1LT AZUL FR",SANEANTES,AL,02/09/2025,,02/09/2025,1,59,39062.27,80,1,02/09/2025,24,15.99,383.76,8.3,15.99,8.3,12.37,INSTITUTO SAO VICENTE FERRER,FABIAN SILVA,9,2025,2,Terça-feira,199.2,184.56,Faturada
GO MED HOSPITALAR,V,5722,"SONDA ENDOTRAQUEAL S/BALAO N.3,5MM UN",MATERIAL HOSPITALAR,AL,02/09/2025,,02/09/2025,1,59,39062.27,80,1,02/09/2025,5,4.9,24.5,2.55,4.9,2.55,3.64,INSTITUTO SAO VICENTE FERRER,FABIAN SILVA,9,2025,2,Terça-feira,12.74,11.76,Faturada
GO MED HOSPITALAR,V,5722,FRALDA DESC. GERIAT G CONFORT CARE C/08 PC,MATERIAL HOSPITALAR,AL,02/09/2025,,02/09/2025,1,59,39062.27,80,1,02/09/2025,30,20.0,600.0,10.78,20.0,10.78,16.07,INSTITUTO SAO VICENTE FERRER,FABIAN SILVA,9,2025,2,Terça-feira,323.45,276.55,Faturada
GO MED HOSPITALAR,V,5722,FRALDA DESC. GERIAT G CONFORT CARE C/08 PC,MATERIAL HOSPITALAR,AL,02/09/2025,,02/09/2025,1,59,39062.27,80,1,02/09/2025,4,20.0,80.0,10.78,20.0,10.78,16.07,INSTITUTO SAO VICENTE FERRER,FABIAN SILVA,9,2025,2,Terça-feira,43.13,36.87,Faturada
GO MED HOSPITALAR,V,5722,ETER ETILICO 35% (VIC REMOV) 1LT LT,MEDICAMENTOS,AL,02/09/2025,,02/09/2025,1,59,39062.27,80,1,02/09/2025,1,51.33,51.33,27.68,51.33,27.68,41.04,INSTITUTO SAO VICENTE FERRER,FABIAN SILVA,9,2025,2,Terça-feira,27.68,23.65,Faturada
GO MED HOSPITALAR,V,5722,ETER ETILICO 35% (VIC REMOV) 1LT LT,MEDICAMENTOS,AL,02/09/2025,,02/09/2025,1,59,39062.27,80,1,02/09/2025,1,51.33,51.33,27.68,51.33,27.68,41.04,INSTITUTO SAO VICENTE FERRER,FABIAN SILVA,9,2025,2,Terça-feira,27.68,23.65,Faturada
GO MED HOSPITALAR,V,5722,EQUIPO FOTOSSENSIVEL MACROGOTAS UN,MATERIAL HOSPITALAR,AL,02/09/2025,,02/09/2025,1,59,39062.27,80,1,02/09/2025,175,8.78,1536.5,4.43,8.78,4.43,6.6,INSTITUTO SAO VICENTE FERRER,FABIAN SILVA,9,2025,2,Terça-feira,775.25,761.25,Faturada
GO MED HOSPITALAR,V,5722,"SERINGA DESC. 01ML LS C/AG INS 13X4,5 UN",MATERIAL HOSPITALAR,AL,02/09/2025,,02/09/2025,1,59,39062.27,80,1,02/09/2025,1200,0.32,384.0,0.17,0.32,0.17,0.26,INSTITUTO SAO VICENTE FERRER,FABIAN SILVA,9,2025,2,Terça-feira,207.48,176.52,Faturada
GO MED HOSPITALAR,V,5722,SONDA FOLEY 2 VIAS N.16 30CC UN,MATERIAL HOSPITALAR,AL,02/09/2025,,02/09/2025,1,59,39062.27,80,1,02/09/2025,20,3.9,78.0,2.17,3.9,2.17,3.3,INSTITUTO SAO VICENTE FERRER,FABIAN SILVA,9,2025,2,Terça-feira,43.42,34.58,Faturada
GO MED HOSPITALAR,V,5722,SONDA URETRAL N.14 UN,MATERIAL HOSPITALAR,AL,02/09/2025,,02/09/2025,1,59,39062.27,80,1,02/09/2025,20,1.2,24.0,0.68,1.2,0.68,0.8,INSTITUTO SAO VICENTE FERRER,FABIAN SILVA,9,2025,2,Terça-feira,13.56,10.44,Faturada
GO MED HOSPITALAR,V,5722,SONDA FOLEY 2 VIAS N.18 30CC UN,MATERIAL HOSPITALAR,AL,02/09/2025,,02/09/2025,1,59,39062.27,80,1,02/09/2025,10,3.9,39.0,2.0,3.9,2.0,2.86,INSTITUTO SAO VICENTE FERRER,FABIAN SILVA,9,2025,2,Terça-feira,20.0,19.0,Faturada
GO MED HOSPITALAR,V,5722,FRASCO P/DRENAGEM MEDIASTINAL 2000ML UN,MATERIAL HOSPITALAR,AL,02/09/2025,,02/09/2025,1,59,39062.27,80,1,02/09/2025,4,45.0,180.0,20.29,45.0,20.25,37.17,INSTITUTO SAO VICENTE FERRER,FABIAN SILVA,9,2025,2,Terça-feira,81.16,98.84,Faturada
GO MED HOSPITALAR,V,5722,"AGULHA DESC. 13 X 0,45MM UN",MATERIAL HOSPITALAR,AL,02/09/2025,,02/09/2025,1,59,39062.27,80,1,02/09/2025,1000,0.11,110.0,0.06,0.11,0.06,0.08,INSTITUTO SAO VICENTE FERRER,FABIAN SILVA,9,2025,2,Terça-feira,57.2,52.8,Faturada
GO MED HOSPITALAR,V,5722,DRENO P/SUCCAO SANFONADO 3.2MM 500ML UN,MATERIAL HOSPITALAR,AL,02/09/2025,,02/09/2025,1,59,39062.27,80,1,02/09/2025,3,35.0,105.0,18.93,35.0,18.93,27.05,INSTITUTO SAO VICENTE FERRER,FABIAN SILVA,9,2025,2,Terça-feira,56.8,48.2,Faturada
GO MED HOSPITALAR,V,5722,FILTRO BACTERIANO HMEF ADULTO C/TUBO TRAQUEIA HISERN PC,MATERIAL HOSPITALAR,AL,02/09/2025,,02/09/2025,1,59,39062.27,80,1,02/09/2025,20,11.9,238.0,5.13,11.9,5.13,7.43,INSTITUTO SAO VICENTE FERRER,FABIAN SILVA,9,2025,2,Terça-feira,102.59,135.41,Faturada
GO MED HOSPITALAR,V,5722,"FITA MICROPORE 10CM X 4,5M RL",MATERIAL HOSPITALAR,AL,02/09/2025,,02/09/2025,1,59,39062.27,80,1,02/09/2025,12,8.15,97.8,4.23,8.15,4.23,6.2,INSTITUTO SAO VICENTE FERRER,FABIAN SILVA,9,2025,2,Terça-feira,50.79,47.01,Faturada
GO MED HOSPITALAR,V,5722,"LUVA CIR. ESTERIL 6,5 un",MATERIAL HOSPITALAR,AL,02/09/2025,,02/09/2025,1,59,39062.27,80,1,02/09/2025,10,1.98,19.8,1.43,1.98,1.43,2.13,INSTITUTO SAO VICENTE FERRER,FABIAN SILVA,9,2025,2,Terça-feira,14.3,5.5,Faturada
GO MED HOSPITALAR,V,5722,SONDA ASP.TRAQUEAL 16FR UN,MATERIAL HOSPITALAR,AL,02/09/2025,,02/09/2025,1,59,39062.27,80,1,02/09/2025,60,1.2,72.0,0.67,1.2,0.67,0.95,INSTITUTO SAO VICENTE FERRER,FABIAN SILVA,9,2025,2,Terça-feira,40.27,31.73,Faturada
GO MED HOSPITALAR,V,5722,SONDA ASP.TRAQUEAL 18FR UN,MATERIAL HOSPITALAR,AL,02/09/2025,,02/09/2025,1,59,39062.27,80,1,02/09/2025,20,1.2,24.0,0.78,1.2,0.78,0.97,INSTITUTO SAO VICENTE FERRER,FABIAN SILVA,9,2025,2,Terça-feira,15.56,8.44,Faturada
GO MED HOSPITALAR,V,5722,DRENO SUCCAO TORAX PVC 28FR UN,MATERIAL HOSPITALAR,AL,02/09/2025,,02/09/2025,1,59,39062.27,80,1,02/09/2025,1,9.9,9.9,3.83,9.9,3.5,5.0,INSTITUTO SAO VICENTE FERRER,FABIAN SILVA,9,2025,2,Terça-feira,3.83,6.07,Faturada
GO MED HOSPITALAR,V,5722,FITA P/GLICEMIA ON CALL PLUS CX,MATERIAL HOSPITALAR,AL,02/09/2025,,02/09/2025,1,59,39062.27,80,1,02/09/2025,60,43.2,2592.0,23.26,43.2,23.26,34.59,INSTITUTO SAO VICENTE FERRER,FABIAN SILVA,9,2025,2,Terça-feira,1395.87,1196.13,Faturada
GO MED HOSPITALAR,V,5722,MASCARA DE PROTECAO PFF2 N95 UN,MATERIAL HOSPITALAR,AL,02/09/2025,,02/09/2025,1,59,39062.27,80,1,02/09/2025,100,0.98,98.0,0.35,0.98,0.35,0.52,INSTITUTO SAO VICENTE FERRER,FABIAN SILVA,9,2025,2,Terça-feira,35.0,63.0,Faturada
GO MED HOSPITALAR,V,5722,EQUIPO MACROGOTAS C/INJ. LATERAL LUER LOCK UN,MATERIAL HOSPITALAR,AL,02/09/2025,,02/09/2025,1,59,39062.27,80,1,02/09/2025,1200,1.49,1788.0,0.7,1.49,0.7,1.1,INSTITUTO SAO VICENTE FERRER,FABIAN SILVA,9,2025,2,Terça-feira,840.0,948.0,Faturada
GO MED HOSPITALAR,V,5722,DETERGENTE ENZIMATICO (FORTZYME PLUS) 1LT LT,SANEANTES,AL,02/09/2025,,02/09/2025,1,59,39062.27,80,1,02/09/2025,5,48.0,240.0,25.8,48.0,25.8,38.46,INSTITUTO SAO VICENTE FERRER,FABIAN SILVA,9,2025,2,Terça-feira,129.0,111.0,Faturada
GO MED HOSPITALAR,V,5722,SONDA NASOGASTRICA LONGA N.18 UN,MATERIAL HOSPITALAR,AL,02/09/2025,,02/09/2025,1,59,39062.27,80,1,02/09/2025,10,1.9,19.0,1.16,1.9,1.16,1.66,INSTITUTO SAO VICENTE FERRER,FABIAN SILVA,9,2025,2,Terça-feira,11.6,7.4,Faturada
GO MED HOSPITALAR,V,5722,ELETRODO ECG ADULTO PACOTE C/ 50 UNIDADES UN,MATERIAL HOSPITALAR,AL,02/09/2025,,02/09/2025,1,59,39062.27,80,1,02/09/2025,1000,0.48,480.0,0.26,0.48,0.26,0.38,INSTITUTO SAO VICENTE FERRER,FABIAN SILVA,9,2025,2,Terça-feira,255.4,224.6,Faturada
GO MED HOSPITALAR,V,5722,PAPEL P/ECG 216MM X 30MT - RL,A CLASSIFICAR,AL,02/09/2025,,02/09/2025,1,59,39062.27,80,1,02/09/2025,4,65.0,260.0,40.0,65.0,40.0,57.14,INSTITUTO SAO VICENTE FERRER,FABIAN SILVA,9,2025,2,Terça-feira,160.0,100.0,Faturada
GO MED HOSPITALAR,V,5722,GEL P/ULTRASSOM 5KG GL,MATERIAL HOSPITALAR,AL,02/09/2025,,02/09/2025,1,59,39062.27,80,1,02/09/2025,1,43.8,43.8,23.54,43.8,23.54,35.09,INSTITUTO SAO VICENTE FERRER,FABIAN SILVA,9,2025,2,Terça-feira,23.54,20.26,Faturada
GO MED HOSPITALAR,V,5722,CATETER INTRAVENOSO 24G. UN PC C/50,MATERIAL HOSPITALAR,AL,02/09/2025,,02/09/2025,1,59,39062.27,80,1,02/09/2025,100,2.65,265.0,2.2,2.65,2.2,3.14,INSTITUTO SAO VICENTE FERRER,FABIAN SILVA,9,2025,2,Terça-feira,220.0,45.0,Faturada
GO MED HOSPITALAR,V,5722,"CLOREXIDINA 0,12% SOL.BUCAL 1000ML (CHLORDENT) FR",SANEANTES,AL,02/09/2025,,02/09/2025,1,59,39062.27,80,1,02/09/2025,4,30.0,120.0,17.25,30.0,17.08,24.0,INSTITUTO SAO VICENTE FERRER,FABIAN SILVA,9,2025,2,Terça-feira,68.99,51.01,Faturada
GO MED HOSPITALAR,V,5722,"CLOREXIDINA 0,12% SOL.BUCAL 1000ML (CHLORDENT) FR",SANEANTES,AL,02/09/2025,,02/09/2025,1,59,39062.27,80,1,02/09/2025,2,30.0,60.0,17.25,30.0,17.08,24.0,INSTITUTO SAO VICENTE FERRER,FABIAN SILVA,9,2025,2,Terça-feira,34.49,25.5,Faturada
GO MED HOSPITALAR,V,5722,"AGULHA RAQ QUINCK 26GX3 1/2 90X4,5 C/INTROD UN",MATERIAL HOSPITALAR,AL,02/09/2025,,02/09/2025,1,59,39062.27,80,1,02/09/2025,25,8.02,200.5,4.53,8.02,4.53,6.47,INSTITUTO SAO VICENTE FERRER,FABIAN SILVA,9,2025,2,Terça-feira,113.22,87.28,Faturada
GO MED HOSPITALAR,V,5722,DRENO P/SUCCAO SANFONADO 6.4 500ML UN,MATERIAL HOSPITALAR,AL,02/09/2025,,02/09/2025,1,59,39062.27,80,1,02/09/2025,1,35.0,35.0,18.93,35.0,18.93,27.05,INSTITUTO SAO VICENTE FERRER,FABIAN SILVA,9,2025,2,Terça-feira,18.93,16.07,Faturada
GO MED HOSPITALAR,V,5722,LUVA VINIL S/PO G CX /100 CX,MATERIAL HOSPITALAR,AL,02/09/2025,,02/09/2025,1,59,39062.27,80,1,02/09/2025,10,27.5,275.0,16.0,27.5,16.0,22.86,INSTITUTO SAO VICENTE FERRER,FABIAN SILVA,9,2025,2,Terça-feira,160.0,115.0,Faturada
GO MED HOSPITALAR,V,5722,SERINGA DESC. 10ML S/AG LUER SLIP UN,MATERIAL HOSPITALAR,AL,02/09/2025,,02/09/2025,1,59,39062.27,80,1,02/09/2025,2000,0.38,760.0,0.21,0.38,0.21,0.3,INSTITUTO SAO VICENTE FERRER,FABIAN SILVA,9,2025,2,Terça-feira,414.6,345.4,Faturada
GO MED HOSPITALAR,V,5722,COLETOR DE URINA SISTEMA ABERTO 2000 ML PC C/100,MATERIAL HOSPITALAR,AL,02/09/2025,,02/09/2025,1,59,39062.27,80,1,02/09/2025,2,80.0,160.0,44.67,80.0,44.67,67.0,INSTITUTO SAO VICENTE FERRER,FABIAN SILVA,9,2025,2,Terça-feira,89.34,70.66,Faturada
GO MED HOSPITALAR,V,5722,"AGULHA DESC. 20 X 0,55MM UN",MATERIAL HOSPITALAR,AL,02/09/2025,,02/09/2025,1,59,39062.27,80,1,02/09/2025,400,0.11,44.0,0.06,0.11,0.06,0.08,INSTITUTO SAO VICENTE FERRER,FABIAN SILVA,9,2025,2,Terça-feira,22.88,21.12,Faturada
GO MED HOSPITALAR,V,5722,PRESERVATIVO NAO LUBRIFICADO 52 MM UN,MATERIAL HOSPITALAR,AL,02/09/2025,,02/09/2025,1,59,39062.27,80,1,02/09/2025,108,0.58,62.64,0.31,0.58,0.31,0.44,INSTITUTO SAO VICENTE FERRER,FABIAN SILVA,9,2025,2,Terça-feira,33.17,29.47,Faturada
GO MED HOSPITALAR,V,5722,EXTENSOR CATETER INFUSAO LUER LOCK 40CM UN,MATERIAL HOSPITALAR,AL,02/09/2025,,02/09/2025,1,59,39062.27,80,1,02/09/2025,400,1.39,556.0,0.6,1.39,0.6,0.86,INSTITUTO SAO VICENTE FERRER,FABIAN SILVA,9,2025,2,Terça-feira,241.96,314.04,Faturada
GO MED HOSPITALAR,V,5722,"SONDA ENDOTRAQUEAL C/BALAO N.6,0MM UN",MATERIAL HOSPITALAR,AL,02/09/2025,,02/09/2025,1,59,39062.27,80,1,02/09/2025,10,4.9,49.0,2.5,4.9,2.5,3.57,INSTITUTO SAO VICENTE FERRER,FABIAN SILVA,9,2025,2,Terça-feira,25.0,24.0,Faturada
GO MED HOSPITALAR,V,5722,CATETER INTRAVENOSO 20G. UN,MATERIAL HOSPITALAR,AL,02/09/2025,,02/09/2025,1,59,39062.27,80,1,02/09/2025,600,1.35,810.0,0.59,1.35,0.59,0.84,INSTITUTO SAO VICENTE FERRER,FABIAN SILVA,9,2025,2,Terça-feira,351.48,458.52,Faturada
GO MED HOSPITALAR,V,5722,DRENO SUCCAO TORAX PVC 32FR UN,MATERIAL HOSPITALAR,AL,02/09/2025,,02/09/2025,1,59,39062.27,80,1,02/09/2025,1,9.9,9.9,3.47,9.9,3.5,5.0,INSTITUTO SAO VICENTE FERRER,FABIAN SILVA,9,2025,2,Terça-feira,3.47,6.43,Faturada
GO MED HOSPITALAR,V,5722,DRENO SUCCAO TORAX PVC 34FR PC,MATERIAL HOSPITALAR,AL,02/09/2025,,02/09/2025,1,59,39062.27,80,1,02/09/2025,2,9.9,19.8,3.24,9.9,3.24,4.62,INSTITUTO SAO VICENTE FERRER,FABIAN SILVA,9,2025,2,Terça-feira,6.47,13.33,Faturada
GO MED HOSPITALAR,V,5722,SERINGA DESC. 20ML S/AG LUER SLIP UN,MATERIAL HOSPITALAR,AL,02/09/2025,,02/09/2025,1,59,39062.27,80,1,02/09/2025,4000,0.52,2080.0,0.3,0.52,0.3,0.43,INSTITUTO SAO VICENTE FERRER,FABIAN SILVA,9,2025,2,Terça-feira,1196.0,884.0,Faturada
GO MED HOSPITALAR,V,5722,CURATIVO IV 3000 09 X 12 C/FENESTRA UN,MATERIAL HOSPITALAR,AL,02/09/2025,,02/09/2025,1,59,39062.27,80,1,02/09/2025,20,14.9,298.0,12.0,14.9,12.0,17.14,INSTITUTO SAO VICENTE FERRER,FABIAN SILVA,9,2025,2,Terça-feira,240.0,58.0,Faturada
GO MED HOSPITALAR,V,5722,AGULHA RAQ QUINCK 25G UN,MATERIAL HOSPITALAR,AL,02/09/2025,,02/09/2025,1,59,39062.27,80,1,02/09/2025,50,8.02,401.0,2.73,8.02,2.73,3.9,INSTITUTO SAO VICENTE FERRER,FABIAN SILVA,9,2025,2,Terça-feira,136.62,264.38,Faturada
GO MED HOSPITALAR,V,5722,COLETOR DE URINA 2000ML SF S/ FILTRO UN,MATERIAL HOSPITALAR,AL,02/09/2025,,02/09/2025,1,59,39062.27,80,1,02/09/2025,80,6.65,532.0,3.71,6.65,3.71,5.3,INSTITUTO SAO VICENTE FERRER,FABIAN SILVA,9,2025,2,Terça-feira,297.06,234.94,Faturada
GO MED HOSPITALAR,V,5722,LANCETA P/GLICEMIA 28G AUTOMATICA C/100 CX,MATERIAL HOSPITALAR,AL,02/09/2025,,02/09/2025,1,59,39062.27,80,1,02/09/2025,5,25.0,125.0,13.3,25.0,13.3,19.83,INSTITUTO SAO VICENTE FERRER,FABIAN SILVA,9,2025,2,Terça-feira,66.5,58.5,Faturada
GO MED HOSPITALAR,V,5722,"COMPRESSA DE GAZE 7,5CMX7,5CM 11 FIOS C/10 ENV",MATERIAL HOSPITALAR,AL,02/09/2025,,02/09/2025,1,59,39062.27,80,1,02/09/2025,3000,0.98,2940.0,0.51,0.98,0.51,0.75,INSTITUTO SAO VICENTE FERRER,FABIAN SILVA,9,2025,2,Terça-feira,1540.5,1399.5,Faturada
GO MED HOSPITALAR,V,5722,"AGULHA DESC. 40 X 1,20MM UN",MATERIAL HOSPITALAR,AL,02/09/2025,,02/09/2025,1,59,39062.27,80,1,02/09/2025,5000,0.14,700.0,0.08,0.14,0.08,0.11,INSTITUTO SAO VICENTE FERRER,FABIAN SILVA,9,2025,2,Terça-feira,388.0,312.0,Faturada
GO MED HOSPITALAR,V,5722,TERMOMETRO DIGITAL CLINICO UN,MATERIAL HOSPITALAR,AL,02/09/2025,,02/09/2025,1,59,39062.27,80,1,02/09/2025,4,19.38,77.52,10.55,19.38,10.55,15.39,INSTITUTO SAO VICENTE FERRER,FABIAN SILVA,9,2025,2,Terça-feira,42.21,35.31,Faturada
GO MED HOSPITALAR,V,5722,CATETER INTRAVENOSO 22G. UN,MATERIAL HOSPITALAR,AL,02/09/2025,,02/09/2025,1,59,39062.27,80,1,02/09/2025,600,1.35,810.0,0.62,1.35,0.62,0.88,INSTITUTO SAO VICENTE FERRER,FABIAN SILVA,9,2025,2,Terça-feira,369.6,440.4,Faturada
GO MED HOSPITALAR,V,5722,CATETER P/OXIGENIO TIPO OCULOS 210CM ADULTO UN,MATERIAL HOSPITALAR,AL,02/09/2025,,02/09/2025,1,59,39062.27,80,1,02/09/2025,50,2.6,130.0,1.74,2.6,1.74,2.59,INSTITUTO SAO VICENTE FERRER,FABIAN SILVA,9,2025,2,Terça-feira,87.0,43.0,Faturada
GO MED HOSPITALAR,V,5722,CATETER P/OXIGENIO TIPO OCULOS 210CM ADULTO UN,MATERIAL HOSPITALAR,AL,02/09/2025,,02/09/2025,1,59,39062.27,80,1,02/09/2025,50,2.6,130.0,1.74,2.6,1.74,2.59,INSTITUTO SAO VICENTE FERRER,FABIAN SILVA,9,2025,2,Terça-feira,87.0,43.0,Faturada
GO MED HOSPITALAR,V,5723,SERINGA DESC. 03ML S/AG LUER SLIP UN,MATERIAL HOSPITALAR,AL,03/09/2025,,,1,0,101.0,2,1,,100,0.15,15.0,0.11,0.15,0.11,0.15,VETWORLD,DENIS SOUSA,9,2025,3,Quarta-feira,10.87,4.13,Faturada
GO MED HOSPITALAR,V,5723,SCALP 23G C/DISP. SEG UN,MATERIAL HOSPITALAR,AL,03/09/2025,,,1,0,101.0,2,1,,200,0.43,86.0,0.34,0.43,0.34,0.49,VETWORLD,DENIS SOUSA,9,2025,3,Quarta-feira,67.92,18.08,Faturada
GO MED HOSPITALAR,V,5724,VITAMINA C 1G CPR EFERV (CENEVIT) CX C/10,MEDICAMENTOS,AL,03/09/2025,,,1,1,13.82,2,1,,1,5.05,5.05,4.55,5.05,4.55,6.5,RITA DE CASSIA GOMES LOPES,GERAL VENDAS,9,2025,3,Quarta-feira,4.55,0.5,Faturada
GO MED HOSPITALAR,V,5724,PARAC+CLORFENIR+FENIL CPR (RESFEGRIPE) CX C/20,MEDICAMENTOS,AL,03/09/2025,,,1,1,13.82,2,1,,1,7.59,7.59,6.83,7.59,6.83,9.96,RITA DE CASSIA GOMES LOPES,GERAL VENDAS,9,2025,3,Quarta-feira,6.83,0.76,Faturada
GO MED HOSPITALAR,V,5725,"SOL. CLORETO SODIO 0,9% 500ML N/ESTERIL FR",NUTRIÇÃO CLINICA,AL,03/09/2025,,,1,1,9.92,2,1,,1,4.44,4.44,4.0,4.44,4.0,5.83,TAMIRIS DE CASTRO SALES FERREIRA,GERAL VENDAS,9,2025,3,Quarta-feira,4.0,0.44,Faturada
GO MED HOSPITALAR,V,5725,CETOCONAZOL CREME 20MG 30G BG,MEDICAMENTOS,AL,03/09/2025,,,1,1,9.92,2,1,,1,4.64,4.64,4.18,4.64,4.18,5.97,TAMIRIS DE CASTRO SALES FERREIRA,GERAL VENDAS,9,2025,3,Quarta-feira,4.18,0.46,Faturada
GO MED HOSPITALAR,V,5726,MASCARA DESC. TRIPLA C/CLIP CX C/50,MATERIAL HOSPITALAR,AL,03/09/2025,,,1,1,57.69,6,1,,1,8.44,8.44,7.6,8.44,7.6,10.86,SUELEN GONCALVES DA SILVA,GERAL VENDAS,9,2025,3,Quarta-feira,7.6,0.84,Faturada
GO MED HOSPITALAR,V,5726,LOSARTANA 50MG CPR (GEN) CX C/30,MEDICAMENTOS,AL,03/09/2025,,,1,1,57.69,6,1,,3,2.88,8.64,2.6,2.88,2.6,3.79,SUELEN GONCALVES DA SILVA,GERAL VENDAS,9,2025,3,Quarta-feira,7.8,0.84,Faturada
GO MED HOSPITALAR,V,5726,MICONAZOL 20MG/G CRM VAG 80G (GINO-MIZONOL) BG,MEDICAMENTOS,AL,03/09/2025,,,1,1,57.69,6,1,,1,15.11,15.11,14.5,15.11,14.5,20.71,SUELEN GONCALVES DA SILVA,GERAL VENDAS,9,2025,3,Quarta-feira,14.5,0.61,Faturada
GO MED HOSPITALAR,V,5726,DIPIRONA 50MG/ML 100ML XPE (MULTIPIRAL) FR,MEDICAMENTOS,AL,03/09/2025,,,1,1,57.69,6,1,,1,7.31,7.31,6.58,7.31,6.58,9.6,SUELEN GONCALVES DA SILVA,GERAL VENDAS,9,2025,3,Quarta-feira,6.58,0.73,Faturada
GO MED HOSPITALAR,V,5726,DIPIRONA 1GR CPR (MULTIPIRAL) CX C/10,MEDICAMENTOS,AL,03/09/2025,,,1,1,57.69,6,1,,2,5.82,11.64,5.24,5.82,5.24,7.64,SUELEN GONCALVES DA SILVA,GERAL VENDAS,9,2025,3,Quarta-feira,10.48,1.16,Faturada
GO MED HOSPITALAR,V,5726,HIDROCLOROTIAZIDA 25MG CPR (GEN) BL C/20,MEDICAMENTOS,AL,03/09/2025,,,1,1,57.69,6,1,,40,0.04,1.65,0.04,0.04,0.04,0.06,SUELEN GONCALVES DA SILVA,GERAL VENDAS,9,2025,3,Quarta-feira,1.49,0.16,Faturada
GO MED HOSPITALAR,V,5727,OMEPRAZOL 20MG CPS - CARTELA (GEN) CX C/56,MEDICAMENTOS,AL,03/09/2025,,,1,1,6.85,1,1,,1,6.27,6.27,5.63,6.27,5.63,8.41,WASHINGTON BERNARDINO VASCONCELOS,GERAL VENDAS,9,2025,3,Quarta-feira,5.63,0.64,Faturada
GO MED HOSPITALAR,V,5728,"SOL. CLORETO SODIO 0,9% 500ML N/ESTERIL FR",NUTRIÇÃO CLINICA,AL,03/09/2025,,,1,1,14.0,3,1,,1,4.44,4.44,4.0,4.44,4.0,5.83,YAGO CARLOS DA SILVA LOPES,GERAL VENDAS,9,2025,3,Quarta-feira,4.0,0.44,Faturada
GO MED HOSPITALAR,V,5728,VITAMINA C 1G CPR EFERV (CENEVIT) CX C/10,MEDICAMENTOS,AL,03/09/2025,,,1,1,14.0,3,1,,1,5.05,5.05,4.55,5.05,4.55,6.5,YAGO CARLOS DA SILVA LOPES,GERAL VENDAS,9,2025,3,Quarta-feira,4.55,0.5,Faturada
GO MED HOSPITALAR,V,5728,SERINGA DESC. 03ML C/AG 30X07 LUER SLIP UN,MATERIAL HOSPITALAR,AL,03/09/2025,,,1,1,14.0,3,1,,10,0.33,3.32,0.3,0.33,0.3,0.44,YAGO CARLOS DA SILVA LOPES,GERAL VENDAS,9,2025,3,Quarta-feira,2.98,0.34,Faturada
GO MED HOSPITALAR,V,5729,COLETOR UNIVERSAL 80ML S/PA ESTERIL TAMPA VERMELHA UN,MATERIAL HOSPITALAR,AL,03/09/2025,,,1,1,0.43,1,1,,1,0.39,0.39,0.35,0.39,0.35,0.5,GUILHERME SANTANA GONCALVES,GERAL VENDAS,9,2025,3,Quarta-feira,0.35,0.04,Faturada
GO MED HOSPITALAR,V,5730,LUBRIFICANTE OFTALMICO COLIRIO 10ML (SUPRILAG UL) FR,MEDICAMENTOS,AL,03/09/2025,,,1,1,35.96,2,1,,1,13.08,13.08,11.22,13.08,11.22,16.02,DENIS DA SILVA SOUSA,GERAL VENDAS,9,2025,3,Quarta-feira,11.22,1.86,Faturada
GO MED HOSPITALAR,V,5730,LANCETA P/GLICEMIA 28G AUTOMATICA CX C/100,MATERIAL HOSPITALAR,AL,03/09/2025,,,1,1,35.96,2,1,,2,11.44,22.88,10.06,11.44,10.06,14.36,DENIS DA SILVA SOUSA,GERAL VENDAS,9,2025,3,Quarta-feira,20.12,2.76,Faturada
GO MED HOSPITALAR,V,5731,"SOL. CLORETO SODIO 0,9% 500ML N/ESTERIL FR",NUTRIÇÃO CLINICA,AL,03/09/2025,,,1,1,55.94,2,1,,5,4.44,22.2,4.0,4.44,4.0,5.83,FERNANDA PORTELA PERREIRA DE SOUSA,GERAL VENDAS,9,2025,3,Quarta-feira,19.98,2.22,Faturada
GO MED HOSPITALAR,V,5731,ESPACADOR AERO. ADULTO E PED UN,MATERIAL HOSPITALAR,AL,03/09/2025,,,1,1,55.94,2,1,,1,28.98,28.98,26.1,28.98,26.1,38.04,FERNANDA PORTELA PERREIRA DE SOUSA,GERAL VENDAS,9,2025,3,Quarta-feira,26.1,2.88,Faturada
GO MED HOSPITALAR,V,5732,MASCARA DESC. TRIPLA C/CLIP CX C/50,MATERIAL HOSPITALAR,AL,03/09/2025,,,1,1,84.09,4,1,,1,8.44,8.44,7.6,8.44,7.6,10.86,ALAN DA SILVA VICTOR,GERAL VENDAS,9,2025,3,Quarta-feira,7.6,0.84,Faturada
GO MED HOSPITALAR,V,5732,"ESPARADRAPO 10CM X 4,5M UN",MATERIAL HOSPITALAR,AL,03/09/2025,,,1,1,84.09,4,1,,1,10.19,10.19,6.71,10.19,6.71,12.53,ALAN DA SILVA VICTOR,GERAL VENDAS,9,2025,3,Quarta-feira,6.71,3.48,Faturada
GO MED HOSPITALAR,V,5732,FITA P/GLICEMIA ACCU-CHECK ACTIVE CX C/50,MATERIAL HOSPITALAR,AL,03/09/2025,,,1,1,84.09,4,1,,1,53.33,53.33,68.99,53.33,68.99,68.57,ALAN DA SILVA VICTOR,GERAL VENDAS,9,2025,3,Quarta-feira,68.99,-15.66,Faturada
GO MED HOSPITALAR,V,5732,ACETILCISTEINA 20MG/120ML XPE PED (GEN) FR,MEDICAMENTOS,AL,03/09/2025,,,1,1,84.09,4,1,,1,4.98,4.98,4.49,4.98,4.49,6.41,ALAN DA SILVA VICTOR,GERAL VENDAS,9,2025,3,Quarta-feira,4.49,0.49,Faturada
GO MED HOSPITALAR,V,5733,"SOL. CLORETO SODIO 0,9% 500ML N/ESTERIL FR",NUTRIÇÃO CLINICA,AL,03/09/2025,,,1,1,9.71,1,1,,2,4.44,8.88,4.0,4.44,4.0,5.83,JOAO CARLOS FERREIRA FRUTUOSO FILHO,GERAL VENDAS,9,2025,3,Quarta-feira,7.99,0.89,Faturada
GO MED HOSPITALAR,V,5734,FITA ADESIVA HOSP. 19MM X 50M UN,MATERIAL HOSPITALAR,AL,03/09/2025,,,1,30,1548.0,1,6,,360,4.3,1548.0,3.35,4.3,3.35,4.99,VIA MEDICAMENTOS,CESAR GAMA,9,2025,3,Quarta-feira,1205.68,342.32,Faturada
GO MED HOSPITALAR,V,5735,SOL. GLICERINA 12% 500ML FR,NUTRIÇÃO CLINICA,AL,03/09/2025,,,1,30,453.72,1,3,,55,8.25,453.75,6.79,8.25,6.79,9.43,HOSPITAL OTOCLINICA LTDA,JOECIA,9,2025,3,Quarta-feira,373.2,80.55,Faturada
GO MED HOSPITALAR,V,5736,SONDA URETRAL N.04 UN,MATERIAL HOSPITALAR,AL,03/09/2025,,,1,30,1176.4,3,3,,150,0.6,90.0,0.43,0.6,0.43,0.62,CEARENSE COMERCIO DE PROD HOSPITALARES EIRELI,CESAR GAMA,9,2025,3,Quarta-feira,64.68,25.32,Faturada
GO MED HOSPITALAR,V,5736,"CLOREXIDINA 0,2% AQUOSA 1LT (CHLORDERM) FR",SANEANTES,AL,03/09/2025,,,1,30,1176.4,3,3,,24,4.6,110.4,3.22,4.6,3.22,4.57,CEARENSE COMERCIO DE PROD HOSPITALARES EIRELI,CESAR GAMA,9,2025,3,Quarta-feira,77.22,33.18,Faturada
GO MED HOSPITALAR,V,5736,CLARITROMICINA 500MG CPR BL C/10,MEDICAMENTOS,AL,03/09/2025,,,1,30,1176.4,3,3,,400,2.44,976.0,2.0,2.44,2.0,2.86,CEARENSE COMERCIO DE PROD HOSPITALARES EIRELI,CESAR GAMA,9,2025,3,Quarta-feira,800.0,176.0,Faturada
